Source,Target,Type,Id,Label,timeset,Weight
ASV0010,ASV0527,Undirected,0,,,1.698032
ASV0010,ASV1379,Undirected,1,,,1.718459
ASV0010,ASV1644,Undirected,2,,,1.713352
ASV0018,ASV0274,Undirected,3,,,1.80199
ASV0018,ASV0610,Undirected,4,,,1.609637
ASV0018,ASV0849,Undirected,5,,,1.745704
ASV0018,ASV0941,Undirected,6,,,1.706098
ASV0018,ASV0955,Undirected,7,,,1.614851
ASV0018,ASV1112,Undirected,8,,,1.616506
ASV0018,ASV1144,Undirected,9,,,1.744746
ASV0018,ASV1222,Undirected,10,,,1.763519
ASV0026,ASV0287,Undirected,11,,,1.633435
ASV0026,ASV0358,Undirected,12,,,1.991736
ASV0026,ASV0397,Undirected,13,,,2
ASV0026,ASV0621,Undirected,14,,,2
ASV0026,ASV0794,Undirected,15,,,1.991736
ASV0026,ASV0908,Undirected,16,,,1.991736
ASV0026,ASV0924,Undirected,17,,,1.670217
ASV0026,ASV1068,Undirected,18,,,2
ASV0026,ASV1402,Undirected,19,,,1.991736
ASV0026,ASV1599,Undirected,20,,,2
ASV0026,ASV1932,Undirected,21,,,2
ASV0026,ASV1971,Undirected,22,,,2
ASV0026,ASV2073,Undirected,23,,,1.991736
ASV0026,ASV2091,Undirected,24,,,2
ASV0030,ASV0274,Undirected,25,,,1.611286
ASV0030,ASV0325,Undirected,26,,,1.620482
ASV0030,ASV0497,Undirected,27,,,1.664184
ASV0030,ASV0610,Undirected,28,,,1.633342
ASV0030,ASV1112,Undirected,29,,,1.808336
ASV0030,ASV1657,Undirected,30,,,1.647726
ASV0037,ASV0142,Undirected,31,,,2
ASV0037,ASV1432,Undirected,32,,,2
ASV0046,ASV0245,Undirected,33,,,2
ASV0046,ASV0492,Undirected,34,,,2
ASV0046,ASV0508,Undirected,35,,,2
ASV0046,ASV0600,Undirected,36,,,1.670217
ASV0046,ASV0761,Undirected,37,,,1.670217
ASV0046,ASV0768,Undirected,38,,,2
ASV0046,ASV0949,Undirected,39,,,2
ASV0046,ASV0993,Undirected,40,,,1.991736
ASV0046,ASV1607,Undirected,41,,,2
ASV0046,ASV1612,Undirected,42,,,2
ASV0046,ASV1632,Undirected,43,,,1.991736
ASV0046,ASV1651,Undirected,44,,,2
ASV0046,ASV1921,Undirected,45,,,1.991736
ASV0046,ASV1998,Undirected,46,,,1.663315
ASV0046,ASV2055,Undirected,47,,,1.991736
ASV0046,ASV2115,Undirected,48,,,1.663315
ASV0047,ASV0309,Undirected,49,,,1.623225
ASV0047,ASV1131,Undirected,50,,,1.708536
ASV0077,ASV0298,Undirected,51,,,2
ASV0077,ASV0521,Undirected,52,,,1.663315
ASV0077,ASV0834,Undirected,53,,,2
ASV0077,ASV1304,Undirected,54,,,2
ASV0077,ASV1327,Undirected,55,,,1.991736
ASV0077,ASV1557,Undirected,56,,,1.991736
ASV0077,ASV1803,Undirected,57,,,1.991736
ASV0082,ASV0117,Undirected,58,,,1.670217
ASV0082,ASV0202,Undirected,59,,,1.670217
ASV0082,ASV0204,Undirected,60,,,1.663315
ASV0082,ASV0486,Undirected,61,,,1.991736
ASV0082,ASV0917,Undirected,62,,,2
ASV0082,ASV1491,Undirected,63,,,1.670217
ASV0082,ASV1653,Undirected,64,,,1.663315
ASV0082,ASV2084,Undirected,65,,,1.663315
ASV0095,ASV0255,Undirected,66,,,1.73963
ASV0095,ASV0389,Undirected,67,,,1.710892
ASV0095,ASV0833,Undirected,68,,,1.683797
ASV0095,ASV0872,Undirected,69,,,1.703856
ASV0095,ASV1145,Undirected,70,,,2
ASV0095,ASV1431,Undirected,71,,,1.667205
ASV0095,ASV1483,Undirected,72,,,1.703151
ASV0095,ASV1890,Undirected,73,,,1.711601
ASV0095,ASV2005,Undirected,74,,,1.954751
ASV0104,ASV0117,Undirected,75,,,1.982709
ASV0104,ASV0202,Undirected,76,,,1.982709
ASV0104,ASV0204,Undirected,77,,,1.976945
ASV0104,ASV0242,Undirected,78,,,1.618214
ASV0104,ASV0257,Undirected,79,,,1.994236
ASV0104,ASV0317,Undirected,80,,,1.670217
ASV0104,ASV0654,Undirected,81,,,1.994236
ASV0104,ASV0667,Undirected,82,,,1.670217
ASV0104,ASV0939,Undirected,83,,,2
ASV0104,ASV1182,Undirected,84,,,1.670217
ASV0104,ASV1309,Undirected,85,,,1.994236
ASV0104,ASV1486,Undirected,86,,,1.670217
ASV0104,ASV1491,Undirected,87,,,1.982709
ASV0104,ASV1652,Undirected,88,,,1.982709
ASV0104,ASV1653,Undirected,89,,,1.976945
ASV0104,ASV1666,Undirected,90,,,1.670217
ASV0104,ASV1760,Undirected,91,,,1.670217
ASV0104,ASV1771,Undirected,92,,,1.670217
ASV0104,ASV2000,Undirected,93,,,2
ASV0104,ASV2084,Undirected,94,,,1.976945
ASV0104,ASV2086,Undirected,95,,,1.663315
ASV0112,ASV2099,Undirected,96,,,1.991736
ASV0112,ASV2156,Undirected,97,,,2
ASV0117,ASV0202,Undirected,100,,,2
ASV0117,ASV0204,Undirected,101,,,1.994236
ASV0117,ASV0242,Undirected,102,,,1.618214
ASV0117,ASV0257,Undirected,103,,,1.994236
ASV0117,ASV0486,Undirected,104,,,1.663315
ASV0117,ASV0654,Undirected,105,,,1.994236
ASV0117,ASV0917,Undirected,106,,,1.670217
ASV0117,ASV0939,Undirected,107,,,1.982709
ASV0117,ASV1309,Undirected,108,,,1.976945
ASV0117,ASV1491,Undirected,109,,,2
ASV0117,ASV1652,Undirected,110,,,1.982709
ASV0117,ASV1653,Undirected,111,,,1.994236
ASV0117,ASV2000,Undirected,112,,,1.982709
ASV0117,ASV2084,Undirected,113,,,1.994236
ASV0121,ASV0714,Undirected,114,,,1.759985
ASV0123,ASV0799,Undirected,115,,,1.663315
ASV0123,ASV1399,Undirected,116,,,1.663315
ASV0123,ASV1543,Undirected,117,,,1.663315
ASV0123,ASV1733,Undirected,118,,,1.670217
ASV0123,ASV2165,Undirected,119,,,1.670217
ASV0123,ASV2193,Undirected,120,,,1.663315
ASV0132,ASV0497,Undirected,121,,,1.693419
ASV0132,ASV0941,Undirected,122,,,1.642115
ASV0132,ASV1222,Undirected,123,,,1.632575
ASV0132,ASV1341,Undirected,124,,,1.995859
ASV0132,ASV2159,Undirected,125,,,1.715832
ASV0142,ASV1432,Undirected,127,,,2
ASV0151,ASV0201,Undirected,128,,,1.977376
ASV0151,ASV0309,Undirected,129,,,1.80176
ASV0151,ASV0360,Undirected,130,,,1.959276
ASV0151,ASV0413,Undirected,131,,,1.977376
ASV0151,ASV0415,Undirected,132,,,1.998868
ASV0151,ASV0490,Undirected,133,,,1.687818
ASV0151,ASV0491,Undirected,134,,,1.992077
ASV0151,ASV0521,Undirected,135,,,1.649516
ASV0151,ASV0523,Undirected,136,,,1.973967
ASV0151,ASV0777,Undirected,137,,,1.968326
ASV0151,ASV0804,Undirected,138,,,1.621393
ASV0151,ASV0829,Undirected,139,,,1.964913
ASV0151,ASV0857,Undirected,140,,,1.9819
ASV0151,ASV0873,Undirected,141,,,1.99095
ASV0151,ASV1023,Undirected,142,,,1.959276
ASV0151,ASV1218,Undirected,143,,,1.818328
ASV0151,ASV1264,Undirected,144,,,1.818328
ASV0151,ASV1276,Undirected,145,,,1.618954
ASV0151,ASV1297,Undirected,146,,,1.985286
ASV0151,ASV1298,Undirected,147,,,1.973967
ASV0151,ASV1321,Undirected,148,,,1.985286
ASV0151,ASV1548,Undirected,149,,,1.977376
ASV0151,ASV1596,Undirected,150,,,1.707021
ASV0151,ASV1718,Undirected,151,,,1.985286
ASV0151,ASV1754,Undirected,152,,,1.810044
ASV0151,ASV1830,Undirected,153,,,1.973967
ASV0151,ASV1907,Undirected,154,,,1.691003
ASV0151,ASV1927,Undirected,155,,,1.99095
ASV0151,ASV1937,Undirected,156,,,2
ASV0151,ASV1967,Undirected,157,,,1.681318
ASV0151,ASV1980,Undirected,158,,,1.687818
ASV0151,ASV2031,Undirected,159,,,1.804686
ASV0151,ASV2064,Undirected,160,,,1.688366
ASV0151,ASV2068,Undirected,161,,,1.995475
ASV0151,ASV2120,Undirected,162,,,1.958121
ASV0151,ASV2151,Undirected,163,,,1.971704
ASV0155,ASV0442,Undirected,164,,,1.794472
ASV0155,ASV1596,Undirected,165,,,1.713968
ASV0155,ASV1861,Undirected,166,,,1.649076
ASV0155,ASV2082,Undirected,167,,,1.702235
ASV0173,ASV1942,Undirected,168,,,2
ASV0179,ASV0535,Undirected,169,,,2
ASV0179,ASV0668,Undirected,170,,,1.991736
ASV0187,ASV1149,Undirected,171,,,1.832214
ASV0201,ASV0309,Undirected,173,,,1.793476
ASV0201,ASV0360,Undirected,174,,,1.986425
ASV0201,ASV0413,Undirected,175,,,1.954751
ASV0201,ASV0415,Undirected,176,,,1.973967
ASV0201,ASV0491,Undirected,177,,,1.994341
ASV0201,ASV0521,Undirected,178,,,1.772081
ASV0201,ASV0523,Undirected,179,,,1.958121
ASV0201,ASV0777,Undirected,180,,,1.959276
ASV0201,ASV0804,Undirected,181,,,1.610376
ASV0201,ASV0829,Undirected,182,,,1.962649
ASV0201,ASV0857,Undirected,183,,,1.986425
ASV0201,ASV0873,Undirected,184,,,1.959276
ASV0201,ASV1023,Undirected,185,,,1.986425
ASV0201,ASV1218,Undirected,186,,,1.805902
ASV0201,ASV1264,Undirected,187,,,1.826612
ASV0201,ASV1297,Undirected,188,,,1.958121
ASV0201,ASV1298,Undirected,189,,,1.958121
ASV0201,ASV1321,Undirected,190,,,1.992077
ASV0201,ASV1548,Undirected,191,,,2
ASV0201,ASV1596,Undirected,192,,,1.703151
ASV0201,ASV1718,Undirected,193,,,1.980759
ASV0201,ASV1754,Undirected,194,,,1.830754
ASV0201,ASV1830,Undirected,195,,,1.958121
ASV0201,ASV1907,Undirected,196,,,1.698751
ASV0201,ASV1927,Undirected,197,,,1.959276
ASV0201,ASV1937,Undirected,198,,,1.977376
ASV0201,ASV1967,Undirected,199,,,1.679381
ASV0201,ASV2031,Undirected,200,,,1.79847
ASV0201,ASV2064,Undirected,201,,,1.674813
ASV0201,ASV2068,Undirected,202,,,1.99095
ASV0201,ASV2103,Undirected,203,,,1.60794
ASV0201,ASV2120,Undirected,204,,,1.971704
ASV0201,ASV2151,Undirected,205,,,1.976231
ASV0202,ASV0204,Undirected,209,,,1.994236
ASV0202,ASV0242,Undirected,210,,,1.618214
ASV0202,ASV0257,Undirected,211,,,1.994236
ASV0202,ASV0486,Undirected,212,,,1.663315
ASV0202,ASV0654,Undirected,213,,,1.994236
ASV0202,ASV0917,Undirected,214,,,1.670217
ASV0202,ASV0939,Undirected,215,,,1.982709
ASV0202,ASV1309,Undirected,216,,,1.976945
ASV0202,ASV1491,Undirected,217,,,2
ASV0202,ASV1652,Undirected,218,,,1.982709
ASV0202,ASV1653,Undirected,219,,,1.994236
ASV0202,ASV2000,Undirected,220,,,1.982709
ASV0202,ASV2084,Undirected,221,,,1.994236
ASV0204,ASV0242,Undirected,226,,,1.60886
ASV0204,ASV0257,Undirected,227,,,1.982709
ASV0204,ASV0486,Undirected,228,,,1.670217
ASV0204,ASV0654,Undirected,229,,,1.982709
ASV0204,ASV0917,Undirected,230,,,1.663315
ASV0204,ASV0939,Undirected,231,,,1.976945
ASV0204,ASV1309,Undirected,232,,,1.982709
ASV0204,ASV1491,Undirected,233,,,1.994236
ASV0204,ASV1652,Undirected,234,,,1.994236
ASV0204,ASV1653,Undirected,235,,,2
ASV0204,ASV2000,Undirected,236,,,1.976945
ASV0204,ASV2084,Undirected,237,,,2
ASV0242,ASV0257,Undirected,242,,,1.622891
ASV0242,ASV0654,Undirected,243,,,1.622891
ASV0242,ASV0939,Undirected,244,,,1.618214
ASV0242,ASV1309,Undirected,245,,,1.60886
ASV0242,ASV1491,Undirected,246,,,1.618214
ASV0242,ASV1652,Undirected,247,,,1.604184
ASV0242,ASV1653,Undirected,248,,,1.60886
ASV0242,ASV2000,Undirected,249,,,1.618214
ASV0242,ASV2084,Undirected,250,,,1.60886
ASV0245,ASV0492,Undirected,252,,,2
ASV0245,ASV0508,Undirected,253,,,2
ASV0245,ASV0600,Undirected,254,,,1.670217
ASV0245,ASV0761,Undirected,255,,,1.670217
ASV0245,ASV0768,Undirected,256,,,2
ASV0245,ASV0949,Undirected,257,,,2
ASV0245,ASV0993,Undirected,258,,,1.991736
ASV0245,ASV1607,Undirected,259,,,2
ASV0245,ASV1612,Undirected,260,,,2
ASV0245,ASV1632,Undirected,261,,,1.991736
ASV0245,ASV1651,Undirected,262,,,2
ASV0245,ASV1921,Undirected,263,,,1.991736
ASV0245,ASV1998,Undirected,264,,,1.663315
ASV0245,ASV2055,Undirected,265,,,1.991736
ASV0245,ASV2115,Undirected,266,,,1.663315
ASV0255,ASV0389,Undirected,268,,,1.822996
ASV0255,ASV0833,Undirected,269,,,1.851342
ASV0255,ASV0872,Undirected,270,,,1.808686
ASV0255,ASV1145,Undirected,271,,,1.73963
ASV0255,ASV1146,Undirected,272,,,1.616386
ASV0255,ASV1431,Undirected,273,,,1.774559
ASV0255,ASV1483,Undirected,274,,,1.789335
ASV0255,ASV1890,Undirected,275,,,1.805141
ASV0255,ASV2005,Undirected,276,,,1.785192
ASV0255,ASV2060,Undirected,277,,,1.642971
ASV0255,ASV2187,Undirected,278,,,1.601543
ASV0257,ASV0317,Undirected,284,,,1.663315
ASV0257,ASV0654,Undirected,285,,,2
ASV0257,ASV0667,Undirected,286,,,1.663315
ASV0257,ASV0939,Undirected,287,,,1.994236
ASV0257,ASV1182,Undirected,288,,,1.663315
ASV0257,ASV1309,Undirected,289,,,1.982709
ASV0257,ASV1486,Undirected,290,,,1.663315
ASV0257,ASV1491,Undirected,291,,,1.994236
ASV0257,ASV1652,Undirected,292,,,1.976945
ASV0257,ASV1653,Undirected,293,,,1.982709
ASV0257,ASV1666,Undirected,294,,,1.663315
ASV0257,ASV1760,Undirected,295,,,1.663315
ASV0257,ASV1771,Undirected,296,,,1.663315
ASV0257,ASV2000,Undirected,297,,,1.994236
ASV0257,ASV2084,Undirected,298,,,1.982709
ASV0257,ASV2086,Undirected,299,,,1.670217
ASV0264,ASV2138,Undirected,300,,,2
ASV0274,ASV0530,Undirected,303,,,1.663325
ASV0274,ASV0610,Undirected,304,,,1.66043
ASV0274,ASV0776,Undirected,305,,,1.73474
ASV0274,ASV0849,Undirected,306,,,1.667403
ASV0274,ASV0941,Undirected,307,,,1.839737
ASV0274,ASV1016,Undirected,308,,,1.632482
ASV0274,ASV1118,Undirected,309,,,1.792831
ASV0274,ASV1144,Undirected,310,,,1.851567
ASV0274,ASV1222,Undirected,311,,,1.788077
ASV0274,ASV1248,Undirected,312,,,1.650617
ASV0274,ASV1367,Undirected,313,,,1.67266
ASV0274,ASV1746,Undirected,314,,,1.616553
ASV0274,ASV2019,Undirected,315,,,1.690121
ASV0287,ASV0358,Undirected,317,,,1.623075
ASV0287,ASV0397,Undirected,318,,,1.633435
ASV0287,ASV0615,Undirected,319,,,1.635375
ASV0287,ASV0621,Undirected,320,,,1.633435
ASV0287,ASV0794,Undirected,321,,,1.623075
ASV0287,ASV0908,Undirected,322,,,1.623075
ASV0287,ASV0924,Undirected,323,,,1.998559
ASV0287,ASV1068,Undirected,324,,,1.633435
ASV0287,ASV1402,Undirected,325,,,1.623075
ASV0287,ASV1599,Undirected,326,,,1.633435
ASV0287,ASV1932,Undirected,327,,,1.633435
ASV0287,ASV1971,Undirected,328,,,1.633435
ASV0287,ASV2073,Undirected,329,,,1.623075
ASV0287,ASV2091,Undirected,330,,,1.633435
ASV0296,ASV1998,Undirected,331,,,1.718459
ASV0298,ASV0521,Undirected,333,,,1.663315
ASV0298,ASV0834,Undirected,334,,,2
ASV0298,ASV1304,Undirected,335,,,2
ASV0298,ASV1327,Undirected,336,,,1.991736
ASV0298,ASV1557,Undirected,337,,,1.991736
ASV0298,ASV1803,Undirected,338,,,1.991736
ASV0309,ASV0360,Undirected,342,,,1.805902
ASV0309,ASV0413,Undirected,343,,,1.826612
ASV0309,ASV0415,Undirected,344,,,1.804852
ASV0309,ASV0491,Undirected,345,,,1.792419
ASV0309,ASV0523,Undirected,346,,,1.829718
ASV0309,ASV0777,Undirected,347,,,1.82247
ASV0309,ASV0804,Undirected,348,,,1.698493
ASV0309,ASV0829,Undirected,349,,,1.825573
ASV0309,ASV0857,Undirected,350,,,1.793476
ASV0309,ASV0873,Undirected,351,,,1.818328
ASV0309,ASV1023,Undirected,352,,,1.814186
ASV0309,ASV1131,Undirected,353,,,1.77263
ASV0309,ASV1218,Undirected,354,,,1.63128
ASV0309,ASV1264,Undirected,355,,,1.619905
ASV0309,ASV1297,Undirected,356,,,1.823501
ASV0309,ASV1298,Undirected,357,,,1.825573
ASV0309,ASV1321,Undirected,358,,,1.792419
ASV0309,ASV1548,Undirected,359,,,1.793476
ASV0309,ASV1597,Undirected,360,,,1.655566
ASV0309,ASV1718,Undirected,361,,,1.815213
ASV0309,ASV1754,Undirected,362,,,1.623697
ASV0309,ASV1830,Undirected,363,,,1.829718
ASV0309,ASV1927,Undirected,364,,,1.818328
ASV0309,ASV1937,Undirected,365,,,1.80176
ASV0309,ASV1975,Undirected,366,,,1.701015
ASV0309,ASV2031,Undirected,367,,,1.65671
ASV0309,ASV2068,Undirected,368,,,1.793476
ASV0309,ASV2120,Undirected,369,,,1.823501
ASV0309,ASV2151,Undirected,370,,,1.806924
ASV0310,ASV0550,Undirected,371,,,2
ASV0310,ASV0638,Undirected,372,,,1.991736
ASV0310,ASV1015,Undirected,373,,,2
ASV0310,ASV1375,Undirected,374,,,2
ASV0310,ASV1379,Undirected,375,,,1.663315
ASV0310,ASV1591,Undirected,376,,,2
ASV0310,ASV1644,Undirected,377,,,1.670217
ASV0310,ASV1871,Undirected,378,,,1.991736
ASV0310,ASV1981,Undirected,379,,,1.991736
ASV0310,ASV2157,Undirected,380,,,2
ASV0317,ASV0654,Undirected,383,,,1.663315
ASV0317,ASV0667,Undirected,384,,,2
ASV0317,ASV0939,Undirected,385,,,1.670217
ASV0317,ASV1182,Undirected,386,,,2
ASV0317,ASV1486,Undirected,387,,,2
ASV0317,ASV1666,Undirected,388,,,2
ASV0317,ASV1760,Undirected,389,,,2
ASV0317,ASV1771,Undirected,390,,,2
ASV0317,ASV2000,Undirected,391,,,1.670217
ASV0317,ASV2086,Undirected,392,,,1.991736
ASV0325,ASV0530,Undirected,394,,,1.732086
ASV0325,ASV0575,Undirected,395,,,1.670708
ASV0325,ASV0604,Undirected,396,,,1.658656
ASV0325,ASV0610,Undirected,397,,,1.636552
ASV0325,ASV0884,Undirected,398,,,1.635982
ASV0325,ASV0941,Undirected,399,,,1.601649
ASV0325,ASV1118,Undirected,400,,,1.626314
ASV0325,ASV1121,Undirected,401,,,1.611954
ASV0325,ASV1144,Undirected,402,,,1.654427
ASV0325,ASV1391,Undirected,403,,,1.645097
ASV0325,ASV1657,Undirected,404,,,1.923315
ASV0330,ASV0555,Undirected,405,,,1.962649
ASV0330,ASV0558,Undirected,406,,,1.958121
ASV0330,ASV0575,Undirected,407,,,1.675067
ASV0330,ASV0600,Undirected,408,,,1.741148
ASV0330,ASV0604,Undirected,409,,,1.67894
ASV0330,ASV0761,Undirected,410,,,1.741148
ASV0330,ASV0807,Undirected,411,,,1.998868
ASV0330,ASV0812,Undirected,412,,,1.998868
ASV0330,ASV0972,Undirected,413,,,1.958121
ASV0330,ASV1071,Undirected,414,,,1.60178
ASV0330,ASV1391,Undirected,415,,,1.688623
ASV0330,ASV1647,Undirected,416,,,1.971704
ASV0330,ASV1923,Undirected,417,,,1.969422
ASV0347,ASV1019,Undirected,418,,,2
ASV0353,ASV0355,Undirected,419,,,1.991736
ASV0353,ASV0490,Undirected,420,,,1.670217
ASV0353,ASV0517,Undirected,421,,,2
ASV0353,ASV1106,Undirected,422,,,2
ASV0353,ASV1170,Undirected,423,,,1.991736
ASV0353,ASV1980,Undirected,424,,,1.670217
ASV0355,ASV0490,Undirected,426,,,1.663315
ASV0355,ASV0517,Undirected,427,,,1.991736
ASV0355,ASV1106,Undirected,428,,,1.991736
ASV0355,ASV1170,Undirected,429,,,2
ASV0355,ASV1980,Undirected,430,,,1.663315
ASV0358,ASV0397,Undirected,433,,,1.991736
ASV0358,ASV0621,Undirected,434,,,1.991736
ASV0358,ASV0794,Undirected,435,,,2
ASV0358,ASV0908,Undirected,436,,,2
ASV0358,ASV0924,Undirected,437,,,1.663315
ASV0358,ASV1068,Undirected,438,,,1.991736
ASV0358,ASV1402,Undirected,439,,,2
ASV0358,ASV1599,Undirected,440,,,1.991736
ASV0358,ASV1932,Undirected,441,,,1.991736
ASV0358,ASV1971,Undirected,442,,,1.991736
ASV0358,ASV2073,Undirected,443,,,2
ASV0358,ASV2091,Undirected,444,,,1.991736
ASV0360,ASV0413,Undirected,448,,,1.968326
ASV0360,ASV0415,Undirected,449,,,1.962649
ASV0360,ASV0490,Undirected,450,,,1.654623
ASV0360,ASV0491,Undirected,451,,,1.976231
ASV0360,ASV0521,Undirected,452,,,1.75676
ASV0360,ASV0523,Undirected,453,,,1.971704
ASV0360,ASV0777,Undirected,454,,,1.9819
ASV0360,ASV0829,Undirected,455,,,1.985286
ASV0360,ASV0857,Undirected,456,,,1.986425
ASV0360,ASV0873,Undirected,457,,,1.959276
ASV0360,ASV1023,Undirected,458,,,1.99095
ASV0360,ASV1131,Undirected,459,,,1.600598
ASV0360,ASV1218,Undirected,460,,,1.810044
ASV0360,ASV1264,Undirected,461,,,1.814186
ASV0360,ASV1297,Undirected,462,,,1.964913
ASV0360,ASV1298,Undirected,463,,,1.976231
ASV0360,ASV1321,Undirected,464,,,1.985286
ASV0360,ASV1548,Undirected,465,,,1.986425
ASV0360,ASV1596,Undirected,466,,,1.683797
ASV0360,ASV1718,Undirected,467,,,1.964913
ASV0360,ASV1754,Undirected,468,,,1.818328
ASV0360,ASV1830,Undirected,469,,,1.971704
ASV0360,ASV1907,Undirected,470,,,1.689066
ASV0360,ASV1927,Undirected,471,,,1.959276
ASV0360,ASV1937,Undirected,472,,,1.959276
ASV0360,ASV1967,Undirected,473,,,1.698751
ASV0360,ASV1980,Undirected,474,,,1.654623
ASV0360,ASV2031,Undirected,475,,,1.804686
ASV0360,ASV2064,Undirected,476,,,1.68643
ASV0360,ASV2068,Undirected,477,,,1.968326
ASV0360,ASV2103,Undirected,478,,,1.618954
ASV0360,ASV2120,Undirected,479,,,1.992077
ASV0360,ASV2151,Undirected,480,,,1.992077
ASV0369,ASV1146,Undirected,481,,,1.632217
ASV0369,ASV1351,Undirected,482,,,1.995475
ASV0369,ASV2060,Undirected,483,,,1.68643
ASV0377,ASV0610,Undirected,484,,,1.622187
ASV0377,ASV1149,Undirected,485,,,1.777948
ASV0389,ASV0832,Undirected,488,,,1.755679
ASV0389,ASV0833,Undirected,489,,,1.976821
ASV0389,ASV0872,Undirected,490,,,1.992547
ASV0389,ASV1145,Undirected,491,,,1.710892
ASV0389,ASV1146,Undirected,492,,,1.899793
ASV0389,ASV1431,Undirected,493,,,1.990052
ASV0389,ASV1483,Undirected,494,,,1.990066
ASV0389,ASV1766,Undirected,495,,,1.737466
ASV0389,ASV1890,Undirected,496,,,1.999172
ASV0389,ASV2005,Undirected,497,,,1.672184
ASV0389,ASV2060,Undirected,498,,,1.891512
ASV0389,ASV2187,Undirected,499,,,1.917219
ASV0397,ASV0621,Undirected,503,,,2
ASV0397,ASV0794,Undirected,504,,,1.991736
ASV0397,ASV0908,Undirected,505,,,1.991736
ASV0397,ASV0924,Undirected,506,,,1.670217
ASV0397,ASV1068,Undirected,507,,,2
ASV0397,ASV1402,Undirected,508,,,1.991736
ASV0397,ASV1599,Undirected,509,,,2
ASV0397,ASV1932,Undirected,510,,,2
ASV0397,ASV1971,Undirected,511,,,2
ASV0397,ASV2073,Undirected,512,,,1.991736
ASV0397,ASV2091,Undirected,513,,,2
ASV0410,ASV1149,Undirected,514,,,1.710619
ASV0413,ASV0415,Undirected,519,,,1.983022
ASV0413,ASV0490,Undirected,520,,,1.766974
ASV0413,ASV0491,Undirected,521,,,1.962649
ASV0413,ASV0523,Undirected,522,,,1.998868
ASV0413,ASV0777,Undirected,523,,,1.995475
ASV0413,ASV0829,Undirected,524,,,1.994341
ASV0413,ASV0857,Undirected,525,,,1.968326
ASV0413,ASV0873,Undirected,526,,,1.995475
ASV0413,ASV1023,Undirected,527,,,1.968326
ASV0413,ASV1131,Undirected,528,,,1.618954
ASV0413,ASV1218,Undirected,529,,,1.814186
ASV0413,ASV1264,Undirected,530,,,1.793476
ASV0413,ASV1276,Undirected,531,,,1.611612
ASV0413,ASV1297,Undirected,532,,,1.998868
ASV0413,ASV1298,Undirected,533,,,1.998868
ASV0413,ASV1321,Undirected,534,,,1.964913
ASV0413,ASV1548,Undirected,535,,,1.954751
ASV0413,ASV1596,Undirected,536,,,1.679926
ASV0413,ASV1718,Undirected,537,,,1.976231
ASV0413,ASV1754,Undirected,538,,,1.789334
ASV0413,ASV1830,Undirected,539,,,1.998868
ASV0413,ASV1907,Undirected,540,,,1.687129
ASV0413,ASV1927,Undirected,541,,,1.995475
ASV0413,ASV1937,Undirected,542,,,1.977376
ASV0413,ASV1967,Undirected,543,,,1.706499
ASV0413,ASV1980,Undirected,544,,,1.766974
ASV0413,ASV2031,Undirected,545,,,1.823334
ASV0413,ASV2064,Undirected,546,,,1.709665
ASV0413,ASV2068,Undirected,547,,,1.963801
ASV0413,ASV2103,Undirected,548,,,1.600598
ASV0413,ASV2120,Undirected,549,,,1.985286
ASV0413,ASV2151,Undirected,550,,,1.980759
ASV0415,ASV0490,Undirected,556,,,1.720709
ASV0415,ASV0491,Undirected,557,,,1.989807
ASV0415,ASV0521,Undirected,558,,,1.64534
ASV0415,ASV0523,Undirected,559,,,1.978482
ASV0415,ASV0777,Undirected,560,,,1.976231
ASV0415,ASV0804,Undirected,561,,,1.619555
ASV0415,ASV0829,Undirected,562,,,1.971687
ASV0415,ASV0857,Undirected,563,,,1.985286
ASV0415,ASV0873,Undirected,564,,,1.994341
ASV0415,ASV1023,Undirected,565,,,1.958121
ASV0415,ASV1218,Undirected,566,,,1.823501
ASV0415,ASV1264,Undirected,567,,,1.817285
ASV0415,ASV1276,Undirected,568,,,1.618034
ASV0415,ASV1297,Undirected,569,,,1.989807
ASV0415,ASV1298,Undirected,570,,,1.980747
ASV0415,ASV1321,Undirected,571,,,1.98641
ASV0415,ASV1548,Undirected,572,,,1.973967
ASV0415,ASV1596,Undirected,573,,,1.704115
ASV0415,ASV1718,Undirected,574,,,1.980747
ASV0415,ASV1754,Undirected,575,,,1.806924
ASV0415,ASV1830,Undirected,576,,,1.978482
ASV0415,ASV1907,Undirected,577,,,1.687115
ASV0415,ASV1927,Undirected,578,,,1.994341
ASV0415,ASV1937,Undirected,579,,,1.998868
ASV0415,ASV1967,Undirected,580,,,1.687115
ASV0415,ASV1980,Undirected,581,,,1.720709
ASV0415,ASV2031,Undirected,582,,,1.805708
ASV0415,ASV2064,Undirected,583,,,1.692228
ASV0415,ASV2068,Undirected,584,,,1.992077
ASV0415,ASV2103,Undirected,585,,,1.601504
ASV0415,ASV2120,Undirected,586,,,1.962627
ASV0415,ASV2151,Undirected,587,,,1.978482
ASV0420,ASV0527,Undirected,588,,,1.617447
ASV0420,ASV1379,Undirected,589,,,1.603423
ASV0420,ASV1644,Undirected,590,,,1.608098
ASV0442,ASV1218,Undirected,592,,,1.754629
ASV0442,ASV1264,Undirected,593,,,1.775897
ASV0442,ASV1596,Undirected,594,,,1.966046
ASV0442,ASV1861,Undirected,595,,,1.833197
ASV0442,ASV2082,Undirected,596,,,1.890615
ASV0442,ASV2103,Undirected,597,,,1.822987
ASV0452,ASV0473,Undirected,598,,,1.637889
ASV0452,ASV1766,Undirected,599,,,1.835777
ASV0473,ASV1522,Undirected,601,,,1.61339
ASV0486,ASV0917,Undirected,606,,,1.991736
ASV0486,ASV1491,Undirected,607,,,1.663315
ASV0486,ASV1653,Undirected,608,,,1.670217
ASV0486,ASV2084,Undirected,609,,,1.670217
ASV0490,ASV0491,Undirected,616,,,1.632566
ASV0490,ASV0517,Undirected,617,,,1.670217
ASV0490,ASV0523,Undirected,618,,,1.741148
ASV0490,ASV0777,Undirected,619,,,1.772081
ASV0490,ASV0829,Undirected,620,,,1.746258
ASV0490,ASV0857,Undirected,621,,,1.698032
ASV0490,ASV0873,Undirected,622,,,1.75676
ASV0490,ASV1106,Undirected,623,,,1.670217
ASV0490,ASV1170,Undirected,624,,,1.663315
ASV0490,ASV1218,Undirected,625,,,1.608098
ASV0490,ASV1297,Undirected,626,,,1.762865
ASV0490,ASV1298,Undirected,627,,,1.770529
ASV0490,ASV1321,Undirected,628,,,1.667057
ASV0490,ASV1718,Undirected,629,,,1.61085
ASV0490,ASV1830,Undirected,630,,,1.741148
ASV0490,ASV1927,Undirected,631,,,1.75676
ASV0490,ASV1937,Undirected,632,,,1.687818
ASV0490,ASV1980,Undirected,633,,,2
ASV0490,ASV2068,Undirected,634,,,1.629089
ASV0490,ASV2120,Undirected,635,,,1.690051
ASV0490,ASV2151,Undirected,636,,,1.738593
ASV0491,ASV0521,Undirected,644,,,1.741148
ASV0491,ASV0523,Undirected,645,,,1.961495
ASV0491,ASV0777,Undirected,646,,,1.962649
ASV0491,ASV0804,Undirected,647,,,1.619555
ASV0491,ASV0829,Undirected,648,,,1.961495
ASV0491,ASV0857,Undirected,649,,,1.992077
ASV0491,ASV0873,Undirected,650,,,1.973967
ASV0491,ASV1023,Undirected,651,,,1.971704
ASV0491,ASV1218,Undirected,652,,,1.817285
ASV0491,ASV1264,Undirected,653,,,1.829718
ASV0491,ASV1276,Undirected,654,,,1.607014
ASV0491,ASV1297,Undirected,655,,,1.969422
ASV0491,ASV1298,Undirected,656,,,1.96376
ASV0491,ASV1321,Undirected,657,,,1.996603
ASV0491,ASV1548,Undirected,658,,,1.994341
ASV0491,ASV1596,Undirected,659,,,1.709924
ASV0491,ASV1718,Undirected,660,,,1.980747
ASV0491,ASV1754,Undirected,661,,,1.825573
ASV0491,ASV1830,Undirected,662,,,1.961495
ASV0491,ASV1907,Undirected,663,,,1.69293
ASV0491,ASV1927,Undirected,664,,,1.973967
ASV0491,ASV1937,Undirected,665,,,1.992077
ASV0491,ASV1967,Undirected,666,,,1.678394
ASV0491,ASV1980,Undirected,667,,,1.632566
ASV0491,ASV2031,Undirected,668,,,1.796379
ASV0491,ASV2064,Undirected,669,,,1.677698
ASV0491,ASV2068,Undirected,670,,,1.998868
ASV0491,ASV2103,Undirected,671,,,1.607014
ASV0491,ASV2120,Undirected,672,,,1.962627
ASV0491,ASV2151,Undirected,673,,,1.978482
ASV0492,ASV0508,Undirected,676,,,2
ASV0492,ASV0600,Undirected,677,,,1.670217
ASV0492,ASV0761,Undirected,678,,,1.670217
ASV0492,ASV0768,Undirected,679,,,2
ASV0492,ASV0949,Undirected,680,,,2
ASV0492,ASV0993,Undirected,681,,,1.991736
ASV0492,ASV1607,Undirected,682,,,2
ASV0492,ASV1612,Undirected,683,,,2
ASV0492,ASV1632,Undirected,684,,,1.991736
ASV0492,ASV1651,Undirected,685,,,2
ASV0492,ASV1921,Undirected,686,,,1.991736
ASV0492,ASV1998,Undirected,687,,,1.663315
ASV0492,ASV2055,Undirected,688,,,1.991736
ASV0492,ASV2115,Undirected,689,,,1.663315
ASV0493,ASV1597,Undirected,690,,,1.765094
ASV0493,ASV1754,Undirected,691,,,1.600948
ASV0497,ASV0610,Undirected,694,,,1.842159
ASV0497,ASV0669,Undirected,695,,,1.761855
ASV0497,ASV0849,Undirected,696,,,1.803409
ASV0497,ASV0941,Undirected,697,,,1.735029
ASV0497,ASV1112,Undirected,698,,,1.628315
ASV0497,ASV1222,Undirected,699,,,1.724691
ASV0497,ASV1341,Undirected,700,,,1.692616
ASV0497,ASV1367,Undirected,701,,,1.627845
ASV0497,ASV1870,Undirected,702,,,1.697129
ASV0497,ASV2035,Undirected,703,,,1.713679
ASV0503,ASV1309,Undirected,704,,,1.670217
ASV0503,ASV1652,Undirected,705,,,1.663315
ASV0508,ASV0600,Undirected,709,,,1.670217
ASV0508,ASV0761,Undirected,710,,,1.670217
ASV0508,ASV0768,Undirected,711,,,2
ASV0508,ASV0949,Undirected,712,,,2
ASV0508,ASV0993,Undirected,713,,,1.991736
ASV0508,ASV1607,Undirected,714,,,2
ASV0508,ASV1612,Undirected,715,,,2
ASV0508,ASV1632,Undirected,716,,,1.991736
ASV0508,ASV1651,Undirected,717,,,2
ASV0508,ASV1921,Undirected,718,,,1.991736
ASV0508,ASV1998,Undirected,719,,,1.663315
ASV0508,ASV2055,Undirected,720,,,1.991736
ASV0508,ASV2115,Undirected,721,,,1.663315
ASV0517,ASV1106,Undirected,725,,,2
ASV0517,ASV1170,Undirected,726,,,1.991736
ASV0517,ASV1980,Undirected,727,,,1.670217
ASV0521,ASV0777,Undirected,735,,,1.629089
ASV0521,ASV0829,Undirected,736,,,1.632566
ASV0521,ASV0834,Undirected,737,,,1.663315
ASV0521,ASV0857,Undirected,738,,,1.75676
ASV0521,ASV1023,Undirected,739,,,1.708245
ASV0521,ASV1264,Undirected,740,,,1.617447
ASV0521,ASV1298,Undirected,741,,,1.603185
ASV0521,ASV1304,Undirected,742,,,1.663315
ASV0521,ASV1321,Undirected,743,,,1.762865
ASV0521,ASV1327,Undirected,744,,,1.670217
ASV0521,ASV1548,Undirected,745,,,1.772081
ASV0521,ASV1557,Undirected,746,,,1.670217
ASV0521,ASV1718,Undirected,747,,,1.628734
ASV0521,ASV1754,Undirected,748,,,1.622122
ASV0521,ASV1803,Undirected,749,,,1.670217
ASV0521,ASV1937,Undirected,750,,,1.649516
ASV0521,ASV2068,Undirected,751,,,1.713352
ASV0521,ASV2120,Undirected,752,,,1.667057
ASV0521,ASV2151,Undirected,753,,,1.720709
ASV0523,ASV0777,Undirected,762,,,1.994341
ASV0523,ASV0829,Undirected,763,,,1.99547
ASV0523,ASV0857,Undirected,764,,,1.964913
ASV0523,ASV0873,Undirected,765,,,1.992077
ASV0523,ASV1023,Undirected,766,,,1.976231
ASV0523,ASV1131,Undirected,767,,,1.621707
ASV0523,ASV1218,Undirected,768,,,1.808996
ASV0523,ASV1264,Undirected,769,,,1.792419
ASV0523,ASV1276,Undirected,770,,,1.610687
ASV0523,ASV1297,Undirected,771,,,1.996603
ASV0523,ASV1298,Undirected,772,,,1.997735
ASV0523,ASV1321,Undirected,773,,,1.962627
ASV0523,ASV1548,Undirected,774,,,1.958121
ASV0523,ASV1596,Undirected,775,,,1.67894
ASV0523,ASV1718,Undirected,776,,,1.980747
ASV0523,ASV1754,Undirected,777,,,1.792419
ASV0523,ASV1830,Undirected,778,,,2
ASV0523,ASV1907,Undirected,779,,,1.69293
ASV0523,ASV1927,Undirected,780,,,1.992077
ASV0523,ASV1937,Undirected,781,,,1.973967
ASV0523,ASV1967,Undirected,782,,,1.707465
ASV0523,ASV1980,Undirected,783,,,1.741148
ASV0523,ASV2031,Undirected,784,,,1.827476
ASV0523,ASV2064,Undirected,785,,,1.710632
ASV0523,ASV2068,Undirected,786,,,1.962649
ASV0523,ASV2120,Undirected,787,,,1.989807
ASV0523,ASV2151,Undirected,788,,,1.978482
ASV0527,ASV1231,Undirected,791,,,1.766974
ASV0527,ASV1379,Undirected,792,,,1.982709
ASV0527,ASV1644,Undirected,793,,,1.994236
ASV0530,ASV0552,Undirected,796,,,1.614442
ASV0530,ASV0604,Undirected,797,,,1.614042
ASV0530,ASV0610,Undirected,798,,,1.628633
ASV0530,ASV0849,Undirected,799,,,1.724493
ASV0530,ASV0884,Undirected,800,,,1.610563
ASV0530,ASV0941,Undirected,801,,,1.75562
ASV0530,ASV1121,Undirected,802,,,1.625097
ASV0530,ASV1144,Undirected,803,,,1.677093
ASV0530,ASV1222,Undirected,804,,,1.607294
ASV0530,ASV1391,Undirected,805,,,1.625097
ASV0530,ASV1534,Undirected,806,,,1.671786
ASV0530,ASV1657,Undirected,807,,,1.701417
ASV0530,ASV1714,Undirected,808,,,1.616806
ASV0535,ASV0668,Undirected,810,,,1.991736
ASV0547,ASV1212,Undirected,811,,,2
ASV0547,ASV1323,Undirected,812,,,2
ASV0547,ASV1638,Undirected,813,,,2
ASV0547,ASV1953,Undirected,814,,,2
ASV0550,ASV0638,Undirected,816,,,1.991736
ASV0550,ASV1015,Undirected,817,,,2
ASV0550,ASV1375,Undirected,818,,,2
ASV0550,ASV1379,Undirected,819,,,1.663315
ASV0550,ASV1591,Undirected,820,,,2
ASV0550,ASV1644,Undirected,821,,,1.670217
ASV0550,ASV1871,Undirected,822,,,1.991736
ASV0550,ASV1981,Undirected,823,,,1.991736
ASV0550,ASV2157,Undirected,824,,,2
ASV0552,ASV0575,Undirected,826,,,1.659224
ASV0552,ASV0604,Undirected,827,,,1.654703
ASV0552,ASV0776,Undirected,828,,,1.721189
ASV0552,ASV0884,Undirected,829,,,1.639558
ASV0552,ASV1118,Undirected,830,,,1.672744
ASV0552,ASV1121,Undirected,831,,,1.659224
ASV0552,ASV1391,Undirected,832,,,1.644154
ASV0552,ASV1714,Undirected,833,,,1.624563
ASV0552,ASV1746,Undirected,834,,,1.660393
ASV0555,ASV0558,Undirected,836,,,1.99095
ASV0555,ASV0575,Undirected,837,,,1.703151
ASV0555,ASV0600,Undirected,838,,,1.629089
ASV0555,ASV0604,Undirected,839,,,1.707021
ASV0555,ASV0761,Undirected,840,,,1.629089
ASV0555,ASV0807,Undirected,841,,,1.959276
ASV0555,ASV0812,Undirected,842,,,1.963801
ASV0555,ASV0972,Undirected,843,,,1.995475
ASV0555,ASV1071,Undirected,844,,,1.636081
ASV0555,ASV1391,Undirected,845,,,1.707021
ASV0555,ASV1647,Undirected,846,,,1.968326
ASV0555,ASV1923,Undirected,847,,,1.992077
ASV0558,ASV0575,Undirected,850,,,1.710892
ASV0558,ASV0604,Undirected,851,,,1.707021
ASV0558,ASV0807,Undirected,852,,,1.959276
ASV0558,ASV0812,Undirected,853,,,1.954751
ASV0558,ASV0972,Undirected,854,,,1.995475
ASV0558,ASV1071,Undirected,855,,,1.636081
ASV0558,ASV1391,Undirected,856,,,1.691538
ASV0558,ASV1647,Undirected,857,,,1.986425
ASV0558,ASV1923,Undirected,858,,,1.992077
ASV0575,ASV0604,Undirected,864,,,1.993377
ASV0575,ASV0610,Undirected,865,,,1.636829
ASV0575,ASV0776,Undirected,866,,,1.671213
ASV0575,ASV0807,Undirected,867,,,1.676055
ASV0575,ASV0812,Undirected,868,,,1.672184
ASV0575,ASV0884,Undirected,869,,,1.971015
ASV0575,ASV0972,Undirected,870,,,1.707021
ASV0575,ASV1118,Undirected,871,,,1.640261
ASV0575,ASV1121,Undirected,872,,,1.966887
ASV0575,ASV1248,Undirected,873,,,1.635347
ASV0575,ASV1391,Undirected,874,,,1.980132
ASV0575,ASV1454,Undirected,875,,,1.744526
ASV0575,ASV1647,Undirected,876,,,1.69928
ASV0575,ASV1658,Undirected,877,,,1.664438
ASV0575,ASV1714,Undirected,878,,,1.940397
ASV0575,ASV1905,Undirected,879,,,1.745872
ASV0575,ASV1923,Undirected,880,,,1.704115
ASV0575,ASV2019,Undirected,881,,,1.708706
ASV0600,ASV0761,Undirected,888,,,2
ASV0600,ASV0768,Undirected,889,,,1.670217
ASV0600,ASV0807,Undirected,890,,,1.713352
ASV0600,ASV0812,Undirected,891,,,1.766974
ASV0600,ASV0949,Undirected,892,,,1.670217
ASV0600,ASV0972,Undirected,893,,,1.634196
ASV0600,ASV0993,Undirected,894,,,1.663315
ASV0600,ASV1607,Undirected,895,,,1.670217
ASV0600,ASV1612,Undirected,896,,,1.670217
ASV0600,ASV1632,Undirected,897,,,1.663315
ASV0600,ASV1647,Undirected,898,,,1.654623
ASV0600,ASV1651,Undirected,899,,,1.670217
ASV0600,ASV1921,Undirected,900,,,1.663315
ASV0600,ASV2055,Undirected,901,,,1.663315
ASV0604,ASV0610,Undirected,909,,,1.626298
ASV0604,ASV0776,Undirected,910,,,1.679718
ASV0604,ASV0807,Undirected,911,,,1.679926
ASV0604,ASV0812,Undirected,912,,,1.676055
ASV0604,ASV0884,Undirected,913,,,1.972671
ASV0604,ASV0972,Undirected,914,,,1.703151
ASV0604,ASV1118,Undirected,915,,,1.640261
ASV0604,ASV1121,Undirected,916,,,1.980132
ASV0604,ASV1248,Undirected,917,,,1.64089
ASV0604,ASV1391,Undirected,918,,,1.990066
ASV0604,ASV1454,Undirected,919,,,1.730968
ASV0604,ASV1647,Undirected,920,,,1.687667
ASV0604,ASV1658,Undirected,921,,,1.662984
ASV0604,ASV1714,Undirected,922,,,1.94702
ASV0604,ASV1905,Undirected,923,,,1.786639
ASV0604,ASV1923,Undirected,924,,,1.709924
ASV0604,ASV2019,Undirected,925,,,1.695157
ASV0606,ASV0849,Undirected,926,,,1.673979
ASV0606,ASV0955,Undirected,927,,,1.683571
ASV0610,ASV0669,Undirected,937,,,1.73276
ASV0610,ASV0849,Undirected,938,,,1.84701
ASV0610,ASV0941,Undirected,939,,,1.71366
ASV0610,ASV0955,Undirected,940,,,1.664615
ASV0610,ASV1112,Undirected,941,,,1.645677
ASV0610,ASV1144,Undirected,942,,,1.662205
ASV0610,ASV1222,Undirected,943,,,1.65224
ASV0610,ASV1248,Undirected,944,,,1.660425
ASV0610,ASV1391,Undirected,945,,,1.605236
ASV0610,ASV2019,Undirected,946,,,1.665527
ASV0614,ASV1604,Undirected,947,,,1.829059
ASV0615,ASV0924,Undirected,949,,,1.639303
ASV0621,ASV0794,Undirected,954,,,1.991736
ASV0621,ASV0908,Undirected,955,,,1.991736
ASV0621,ASV0924,Undirected,956,,,1.670217
ASV0621,ASV1068,Undirected,957,,,2
ASV0621,ASV1402,Undirected,958,,,1.991736
ASV0621,ASV1599,Undirected,959,,,2
ASV0621,ASV1932,Undirected,960,,,2
ASV0621,ASV1971,Undirected,961,,,2
ASV0621,ASV2073,Undirected,962,,,1.991736
ASV0621,ASV2091,Undirected,963,,,2
ASV0638,ASV1015,Undirected,966,,,1.991736
ASV0638,ASV1375,Undirected,967,,,1.991736
ASV0638,ASV1379,Undirected,968,,,1.670217
ASV0638,ASV1591,Undirected,969,,,1.991736
ASV0638,ASV1644,Undirected,970,,,1.663315
ASV0638,ASV1871,Undirected,971,,,2
ASV0638,ASV1981,Undirected,972,,,2
ASV0638,ASV2157,Undirected,973,,,1.991736
ASV0654,ASV0667,Undirected,981,,,1.663315
ASV0654,ASV0939,Undirected,982,,,1.994236
ASV0654,ASV1182,Undirected,983,,,1.663315
ASV0654,ASV1309,Undirected,984,,,1.982709
ASV0654,ASV1486,Undirected,985,,,1.663315
ASV0654,ASV1491,Undirected,986,,,1.994236
ASV0654,ASV1652,Undirected,987,,,1.976945
ASV0654,ASV1653,Undirected,988,,,1.982709
ASV0654,ASV1666,Undirected,989,,,1.663315
ASV0654,ASV1760,Undirected,990,,,1.663315
ASV0654,ASV1771,Undirected,991,,,1.663315
ASV0654,ASV2000,Undirected,992,,,1.994236
ASV0654,ASV2084,Undirected,993,,,1.982709
ASV0654,ASV2086,Undirected,994,,,1.670217
ASV0667,ASV0939,Undirected,999,,,1.670217
ASV0667,ASV1182,Undirected,1000,,,2
ASV0667,ASV1486,Undirected,1001,,,2
ASV0667,ASV1666,Undirected,1002,,,2
ASV0667,ASV1760,Undirected,1003,,,2
ASV0667,ASV1771,Undirected,1004,,,2
ASV0667,ASV2000,Undirected,1005,,,1.670217
ASV0667,ASV2086,Undirected,1006,,,1.991736
ASV0669,ASV1248,Undirected,1011,,,1.752033
ASV0669,ASV1870,Undirected,1012,,,1.665316
ASV0669,ASV2035,Undirected,1013,,,1.686639
ASV0717,ASV1152,Undirected,1015,,,1.681532
ASV0761,ASV0768,Undirected,1023,,,1.670217
ASV0761,ASV0807,Undirected,1024,,,1.713352
ASV0761,ASV0812,Undirected,1025,,,1.766974
ASV0761,ASV0949,Undirected,1026,,,1.670217
ASV0761,ASV0972,Undirected,1027,,,1.634196
ASV0761,ASV0993,Undirected,1028,,,1.663315
ASV0761,ASV1607,Undirected,1029,,,1.670217
ASV0761,ASV1612,Undirected,1030,,,1.670217
ASV0761,ASV1632,Undirected,1031,,,1.663315
ASV0761,ASV1647,Undirected,1032,,,1.654623
ASV0761,ASV1651,Undirected,1033,,,1.670217
ASV0761,ASV1921,Undirected,1034,,,1.663315
ASV0761,ASV2055,Undirected,1035,,,1.663315
ASV0768,ASV0949,Undirected,1042,,,2
ASV0768,ASV0993,Undirected,1043,,,1.991736
ASV0768,ASV1607,Undirected,1044,,,2
ASV0768,ASV1612,Undirected,1045,,,2
ASV0768,ASV1632,Undirected,1046,,,1.991736
ASV0768,ASV1651,Undirected,1047,,,2
ASV0768,ASV1921,Undirected,1048,,,1.991736
ASV0768,ASV1998,Undirected,1049,,,1.663315
ASV0768,ASV2055,Undirected,1050,,,1.991736
ASV0768,ASV2115,Undirected,1051,,,1.663315
ASV0776,ASV0884,Undirected,1056,,,1.652761
ASV0776,ASV0941,Undirected,1057,,,1.633531
ASV0776,ASV1118,Undirected,1058,,,1.6833
ASV0776,ASV1121,Undirected,1059,,,1.649951
ASV0776,ASV1391,Undirected,1060,,,1.675465
ASV0776,ASV1658,Undirected,1061,,,1.697584
ASV0776,ASV1714,Undirected,1062,,,1.641446
ASV0776,ASV1746,Undirected,1063,,,1.753637
ASV0776,ASV2019,Undirected,1064,,,1.804489
ASV0777,ASV0829,Undirected,1075,,,1.998868
ASV0777,ASV0857,Undirected,1076,,,1.977376
ASV0777,ASV0873,Undirected,1077,,,1.986425
ASV0777,ASV1023,Undirected,1078,,,1.972851
ASV0777,ASV1131,Undirected,1079,,,1.615283
ASV0777,ASV1218,Undirected,1080,,,1.818328
ASV0777,ASV1264,Undirected,1081,,,1.797618
ASV0777,ASV1276,Undirected,1082,,,1.600598
ASV0777,ASV1297,Undirected,1083,,,1.992077
ASV0777,ASV1298,Undirected,1084,,,1.998868
ASV0777,ASV1321,Undirected,1085,,,1.971704
ASV0777,ASV1548,Undirected,1086,,,1.959276
ASV0777,ASV1596,Undirected,1087,,,1.676055
ASV0777,ASV1718,Undirected,1088,,,1.964913
ASV0777,ASV1754,Undirected,1089,,,1.793476
ASV0777,ASV1830,Undirected,1090,,,1.994341
ASV0777,ASV1907,Undirected,1091,,,1.681318
ASV0777,ASV1927,Undirected,1092,,,1.986425
ASV0777,ASV1937,Undirected,1093,,,1.968326
ASV0777,ASV1967,Undirected,1094,,,1.710373
ASV0777,ASV1980,Undirected,1095,,,1.772081
ASV0777,ASV2031,Undirected,1096,,,1.817118
ASV0777,ASV2064,Undirected,1097,,,1.705792
ASV0777,ASV2068,Undirected,1098,,,1.959276
ASV0777,ASV2103,Undirected,1099,,,1.611612
ASV0777,ASV2120,Undirected,1100,,,1.992077
ASV0777,ASV2151,Undirected,1101,,,1.992077
ASV0794,ASV0908,Undirected,1107,,,2
ASV0794,ASV0924,Undirected,1108,,,1.663315
ASV0794,ASV1068,Undirected,1109,,,1.991736
ASV0794,ASV1402,Undirected,1110,,,2
ASV0794,ASV1599,Undirected,1111,,,1.991736
ASV0794,ASV1932,Undirected,1112,,,1.991736
ASV0794,ASV1971,Undirected,1113,,,1.991736
ASV0794,ASV2073,Undirected,1114,,,2
ASV0794,ASV2091,Undirected,1115,,,1.991736
ASV0799,ASV1101,Undirected,1117,,,1.670217
ASV0799,ASV1171,Undirected,1118,,,1.663315
ASV0799,ASV1399,Undirected,1119,,,2
ASV0799,ASV1543,Undirected,1120,,,2
ASV0799,ASV1733,Undirected,1121,,,1.991736
ASV0799,ASV2165,Undirected,1122,,,1.991736
ASV0799,ASV2193,Undirected,1123,,,2
ASV0804,ASV0857,Undirected,1129,,,1.610376
ASV0804,ASV0873,Undirected,1130,,,1.610376
ASV0804,ASV1114,Undirected,1131,,,1.781237
ASV0804,ASV1131,Undirected,1132,,,1.688641
ASV0804,ASV1297,Undirected,1133,,,1.605775
ASV0804,ASV1321,Undirected,1134,,,1.614043
ASV0804,ASV1548,Undirected,1135,,,1.610376
ASV0804,ASV1718,Undirected,1136,,,1.611287
ASV0804,ASV1927,Undirected,1137,,,1.610376
ASV0804,ASV1937,Undirected,1138,,,1.621393
ASV0804,ASV2068,Undirected,1139,,,1.621393
ASV0804,ASV2082,Undirected,1140,,,1.638124
ASV0804,ASV2151,Undirected,1141,,,1.600264
ASV0807,ASV0812,Undirected,1149,,,1.995475
ASV0807,ASV0972,Undirected,1150,,,1.954751
ASV0807,ASV1391,Undirected,1151,,,1.683797
ASV0807,ASV1647,Undirected,1152,,,1.972851
ASV0807,ASV1923,Undirected,1153,,,1.971704
ASV0812,ASV0972,Undirected,1162,,,1.959276
ASV0812,ASV1071,Undirected,1163,,,1.602945
ASV0812,ASV1391,Undirected,1164,,,1.691538
ASV0812,ASV1647,Undirected,1165,,,1.968326
ASV0812,ASV1923,Undirected,1166,,,1.964913
ASV0815,ASV0941,Undirected,1167,,,1.645264
ASV0815,ASV0955,Undirected,1168,,,1.631761
ASV0829,ASV0857,Undirected,1180,,,1.973967
ASV0829,ASV0873,Undirected,1181,,,1.983022
ASV0829,ASV1023,Undirected,1182,,,1.980759
ASV0829,ASV1131,Undirected,1183,,,1.618034
ASV0829,ASV1218,Undirected,1184,,,1.813141
ASV0829,ASV1264,Undirected,1185,,,1.796563
ASV0829,ASV1297,Undirected,1186,,,1.989807
ASV0829,ASV1298,Undirected,1187,,,1.997735
ASV0829,ASV1321,Undirected,1188,,,1.969422
ASV0829,ASV1548,Undirected,1189,,,1.962649
ASV0829,ASV1596,Undirected,1190,,,1.675067
ASV0829,ASV1718,Undirected,1191,,,1.969422
ASV0829,ASV1754,Undirected,1192,,,1.796563
ASV0829,ASV1830,Undirected,1193,,,1.99547
ASV0829,ASV1907,Undirected,1194,,,1.687115
ASV0829,ASV1927,Undirected,1195,,,1.983022
ASV0829,ASV1937,Undirected,1196,,,1.964913
ASV0829,ASV1967,Undirected,1197,,,1.711342
ASV0829,ASV1980,Undirected,1198,,,1.746258
ASV0829,ASV2031,Undirected,1199,,,1.821256
ASV0829,ASV2064,Undirected,1200,,,1.706758
ASV0829,ASV2068,Undirected,1201,,,1.958121
ASV0829,ASV2103,Undirected,1202,,,1.610687
ASV0829,ASV2120,Undirected,1203,,,1.996603
ASV0829,ASV2151,Undirected,1204,,,1.989807
ASV0832,ASV0833,Undirected,1206,,,1.713555
ASV0832,ASV0872,Undirected,1207,,,1.741356
ASV0832,ASV1146,Undirected,1208,,,1.757159
ASV0832,ASV1431,Undirected,1209,,,1.7601
ASV0832,ASV1483,Undirected,1210,,,1.739131
ASV0832,ASV1766,Undirected,1211,,,1.680447
ASV0832,ASV1890,Undirected,1212,,,1.754902
ASV0832,ASV2060,Undirected,1213,,,1.748129
ASV0832,ASV2187,Undirected,1214,,,1.791786
ASV0833,ASV0872,Undirected,1219,,,1.989234
ASV0833,ASV1145,Undirected,1220,,,1.683797
ASV0833,ASV1146,Undirected,1221,,,1.906418
ASV0833,ASV1431,Undirected,1222,,,1.973469
ASV0833,ASV1483,Undirected,1223,,,1.986755
ASV0833,ASV1766,Undirected,1224,,,1.749088
ASV0833,ASV1890,Undirected,1225,,,1.975984
ASV0833,ASV2005,Undirected,1226,,,1.69928
ASV0833,ASV2060,Undirected,1227,,,1.906418
ASV0833,ASV2187,Undirected,1228,,,1.89404
ASV0834,ASV1304,Undirected,1232,,,2
ASV0834,ASV1327,Undirected,1233,,,1.991736
ASV0834,ASV1557,Undirected,1234,,,1.991736
ASV0834,ASV1803,Undirected,1235,,,1.991736
ASV0849,ASV0941,Undirected,1242,,,1.801205
ASV0849,ASV0955,Undirected,1243,,,1.72041
ASV0849,ASV1144,Undirected,1244,,,1.743595
ASV0849,ASV1222,Undirected,1245,,,1.770303
ASV0849,ASV1248,Undirected,1246,,,1.669786
ASV0849,ASV1534,Undirected,1247,,,1.795287
ASV0849,ASV1917,Undirected,1248,,,1.799303
ASV0857,ASV0873,Undirected,1262,,,1.972851
ASV0857,ASV1023,Undirected,1263,,,1.968326
ASV0857,ASV1218,Undirected,1264,,,1.826612
ASV0857,ASV1264,Undirected,1265,,,1.826612
ASV0857,ASV1297,Undirected,1266,,,1.971704
ASV0857,ASV1298,Undirected,1267,,,1.973967
ASV0857,ASV1321,Undirected,1268,,,1.998868
ASV0857,ASV1548,Undirected,1269,,,1.986425
ASV0857,ASV1596,Undirected,1270,,,1.69928
ASV0857,ASV1718,Undirected,1271,,,1.962649
ASV0857,ASV1754,Undirected,1272,,,1.818328
ASV0857,ASV1830,Undirected,1273,,,1.964913
ASV0857,ASV1907,Undirected,1274,,,1.679381
ASV0857,ASV1927,Undirected,1275,,,1.972851
ASV0857,ASV1937,Undirected,1276,,,1.9819
ASV0857,ASV1967,Undirected,1277,,,1.689066
ASV0857,ASV1980,Undirected,1278,,,1.698032
ASV0857,ASV2031,Undirected,1279,,,1.792254
ASV0857,ASV2064,Undirected,1280,,,1.680622
ASV0857,ASV2068,Undirected,1281,,,1.986425
ASV0857,ASV2103,Undirected,1282,,,1.618954
ASV0857,ASV2120,Undirected,1283,,,1.971704
ASV0857,ASV2151,Undirected,1284,,,1.994341
ASV0872,ASV1145,Undirected,1290,,,1.703856
ASV0872,ASV1146,Undirected,1291,,,1.91135
ASV0872,ASV1431,Undirected,1292,,,1.994195
ASV0872,ASV1483,Undirected,1293,,,1.999172
ASV0872,ASV1766,Undirected,1294,,,1.751265
ASV0872,ASV1890,Undirected,1295,,,1.993372
ASV0872,ASV2005,Undirected,1296,,,1.680622
ASV0872,ASV2060,Undirected,1297,,,1.893952
ASV0872,ASV2187,Undirected,1298,,,1.913044
ASV0873,ASV1023,Undirected,1312,,,1.959276
ASV0873,ASV1131,Undirected,1313,,,1.611612
ASV0873,ASV1218,Undirected,1314,,,1.818328
ASV0873,ASV1264,Undirected,1315,,,1.80176
ASV0873,ASV1276,Undirected,1316,,,1.618954
ASV0873,ASV1297,Undirected,1317,,,1.998868
ASV0873,ASV1298,Undirected,1318,,,1.992077
ASV0873,ASV1321,Undirected,1319,,,1.971704
ASV0873,ASV1548,Undirected,1320,,,1.959276
ASV0873,ASV1596,Undirected,1321,,,1.691538
ASV0873,ASV1718,Undirected,1322,,,1.980759
ASV0873,ASV1754,Undirected,1323,,,1.793476
ASV0873,ASV1830,Undirected,1324,,,1.992077
ASV0873,ASV1907,Undirected,1325,,,1.687129
ASV0873,ASV1927,Undirected,1326,,,2
ASV0873,ASV1937,Undirected,1327,,,1.99095
ASV0873,ASV1967,Undirected,1328,,,1.696814
ASV0873,ASV1980,Undirected,1329,,,1.75676
ASV0873,ASV2031,Undirected,1330,,,1.817118
ASV0873,ASV2064,Undirected,1331,,,1.703856
ASV0873,ASV2068,Undirected,1332,,,1.977376
ASV0873,ASV2120,Undirected,1333,,,1.971704
ASV0873,ASV2151,Undirected,1334,,,1.976231
ASV0884,ASV1118,Undirected,1341,,,1.660278
ASV0884,ASV1121,Undirected,1342,,,1.980953
ASV0884,ASV1248,Undirected,1343,,,1.627705
ASV0884,ASV1391,Undirected,1344,,,1.951139
ASV0884,ASV1414,Undirected,1345,,,1.66126
ASV0884,ASV1454,Undirected,1346,,,1.706063
ASV0884,ASV1658,Undirected,1347,,,1.698575
ASV0884,ASV1714,Undirected,1348,,,1.99089
ASV0884,ASV1905,Undirected,1349,,,1.796245
ASV0884,ASV2019,Undirected,1350,,,1.686822
ASV0908,ASV0924,Undirected,1357,,,1.663315
ASV0908,ASV1068,Undirected,1358,,,1.991736
ASV0908,ASV1402,Undirected,1359,,,2
ASV0908,ASV1599,Undirected,1360,,,1.991736
ASV0908,ASV1932,Undirected,1361,,,1.991736
ASV0908,ASV1971,Undirected,1362,,,1.991736
ASV0908,ASV2073,Undirected,1363,,,2
ASV0908,ASV2091,Undirected,1364,,,1.991736
ASV0917,ASV1491,Undirected,1370,,,1.670217
ASV0917,ASV1653,Undirected,1371,,,1.663315
ASV0917,ASV2084,Undirected,1372,,,1.663315
ASV0924,ASV1068,Undirected,1381,,,1.670217
ASV0924,ASV1402,Undirected,1382,,,1.663315
ASV0924,ASV1599,Undirected,1383,,,1.670217
ASV0924,ASV1932,Undirected,1384,,,1.670217
ASV0924,ASV1971,Undirected,1385,,,1.670217
ASV0924,ASV2073,Undirected,1386,,,1.663315
ASV0924,ASV2091,Undirected,1387,,,1.670217
ASV0939,ASV1182,Undirected,1397,,,1.670217
ASV0939,ASV1309,Undirected,1398,,,1.994236
ASV0939,ASV1486,Undirected,1399,,,1.670217
ASV0939,ASV1491,Undirected,1400,,,1.982709
ASV0939,ASV1652,Undirected,1401,,,1.982709
ASV0939,ASV1653,Undirected,1402,,,1.976945
ASV0939,ASV1666,Undirected,1403,,,1.670217
ASV0939,ASV1760,Undirected,1404,,,1.670217
ASV0939,ASV1771,Undirected,1405,,,1.670217
ASV0939,ASV2000,Undirected,1406,,,2
ASV0939,ASV2084,Undirected,1407,,,1.976945
ASV0939,ASV2086,Undirected,1408,,,1.663315
ASV0941,ASV0955,Undirected,1419,,,1.657572
ASV0941,ASV1118,Undirected,1420,,,1.650446
ASV0941,ASV1144,Undirected,1421,,,1.797051
ASV0941,ASV1222,Undirected,1422,,,1.84163
ASV0941,ASV1341,Undirected,1423,,,1.648322
ASV0941,ASV1367,Undirected,1424,,,1.78246
ASV0941,ASV1657,Undirected,1425,,,1.667796
ASV0941,ASV2019,Undirected,1426,,,1.680925
ASV0944,ASV1665,Undirected,1427,,,1.620761
ASV0944,ASV1805,Undirected,1428,,,1.609739
ASV0949,ASV0993,Undirected,1436,,,1.991736
ASV0949,ASV1607,Undirected,1437,,,2
ASV0949,ASV1612,Undirected,1438,,,2
ASV0949,ASV1632,Undirected,1439,,,1.991736
ASV0949,ASV1651,Undirected,1440,,,2
ASV0949,ASV1921,Undirected,1441,,,1.991736
ASV0949,ASV1998,Undirected,1442,,,1.663315
ASV0949,ASV2055,Undirected,1443,,,1.991736
ASV0949,ASV2115,Undirected,1444,,,1.663315
ASV0955,ASV1222,Undirected,1451,,,1.605952
ASV0955,ASV1248,Undirected,1452,,,1.63937
ASV0955,ASV1534,Undirected,1453,,,1.618363
ASV0955,ASV2019,Undirected,1454,,,1.624658
ASV0972,ASV1071,Undirected,1464,,,1.640223
ASV0972,ASV1391,Undirected,1465,,,1.69928
ASV0972,ASV1647,Undirected,1466,,,1.9819
ASV0972,ASV1923,Undirected,1467,,,1.985286
ASV0993,ASV1607,Undirected,1476,,,1.991736
ASV0993,ASV1612,Undirected,1477,,,1.991736
ASV0993,ASV1632,Undirected,1478,,,2
ASV0993,ASV1651,Undirected,1479,,,1.991736
ASV0993,ASV1921,Undirected,1480,,,2
ASV0993,ASV1998,Undirected,1481,,,1.670217
ASV0993,ASV2055,Undirected,1482,,,2
ASV0993,ASV2115,Undirected,1483,,,1.670217
ASV1015,ASV1375,Undirected,1487,,,2
ASV1015,ASV1379,Undirected,1488,,,1.663315
ASV1015,ASV1591,Undirected,1489,,,2
ASV1015,ASV1644,Undirected,1490,,,1.670217
ASV1015,ASV1871,Undirected,1491,,,1.991736
ASV1015,ASV1981,Undirected,1492,,,1.991736
ASV1015,ASV2157,Undirected,1493,,,2
ASV1023,ASV1131,Undirected,1509,,,1.60794
ASV1023,ASV1218,Undirected,1510,,,1.793476
ASV1023,ASV1264,Undirected,1511,,,1.805902
ASV1023,ASV1297,Undirected,1512,,,1.964913
ASV1023,ASV1298,Undirected,1513,,,1.971704
ASV1023,ASV1321,Undirected,1514,,,1.971704
ASV1023,ASV1548,Undirected,1515,,,1.986425
ASV1023,ASV1596,Undirected,1516,,,1.683797
ASV1023,ASV1718,Undirected,1517,,,1.983022
ASV1023,ASV1754,Undirected,1518,,,1.818328
ASV1023,ASV1830,Undirected,1519,,,1.976231
ASV1023,ASV1907,Undirected,1520,,,1.704562
ASV1023,ASV1927,Undirected,1521,,,1.959276
ASV1023,ASV1937,Undirected,1522,,,1.959276
ASV1023,ASV1967,Undirected,1523,,,1.694877
ASV1023,ASV2031,Undirected,1524,,,1.817118
ASV1023,ASV2064,Undirected,1525,,,1.690303
ASV1023,ASV2068,Undirected,1526,,,1.968326
ASV1023,ASV2103,Undirected,1527,,,1.604269
ASV1023,ASV2120,Undirected,1528,,,1.992077
ASV1023,ASV2151,Undirected,1529,,,1.973967
ASV1024,ASV1532,Undirected,1530,,,1.656328
ASV1024,ASV2018,Undirected,1531,,,1.740071
ASV1068,ASV1402,Undirected,1540,,,1.991736
ASV1068,ASV1599,Undirected,1541,,,2
ASV1068,ASV1932,Undirected,1542,,,2
ASV1068,ASV1971,Undirected,1543,,,2
ASV1068,ASV2073,Undirected,1544,,,1.991736
ASV1068,ASV2091,Undirected,1545,,,2
ASV1071,ASV1647,Undirected,1551,,,1.623655
ASV1071,ASV1923,Undirected,1552,,,1.626646
ASV1101,ASV1399,Undirected,1554,,,1.670217
ASV1101,ASV1543,Undirected,1555,,,1.670217
ASV1101,ASV1733,Undirected,1556,,,1.663315
ASV1101,ASV2165,Undirected,1557,,,1.663315
ASV1101,ASV2193,Undirected,1558,,,1.670217
ASV1106,ASV1170,Undirected,1563,,,1.991736
ASV1106,ASV1980,Undirected,1564,,,1.670217
ASV1112,ASV1222,Undirected,1569,,,1.612458
ASV1114,ASV2082,Undirected,1571,,,1.741439
ASV1118,ASV1121,Undirected,1580,,,1.659591
ASV1118,ASV1144,Undirected,1581,,,1.639323
ASV1118,ASV1222,Undirected,1582,,,1.65618
ASV1118,ASV1367,Undirected,1583,,,1.723721
ASV1118,ASV1391,Undirected,1584,,,1.631977
ASV1118,ASV1714,Undirected,1585,,,1.65683
ASV1118,ASV2019,Undirected,1586,,,1.690485
ASV1121,ASV1248,Undirected,1595,,,1.621488
ASV1121,ASV1391,Undirected,1596,,,1.976821
ASV1121,ASV1414,Undirected,1597,,,1.660572
ASV1121,ASV1454,Undirected,1598,,,1.729461
ASV1121,ASV1658,Undirected,1599,,,1.677521
ASV1121,ASV1714,Undirected,1600,,,1.976821
ASV1121,ASV1905,Undirected,1601,,,1.864627
ASV1121,ASV2019,Undirected,1602,,,1.651498
ASV1131,ASV1297,Undirected,1613,,,1.616197
ASV1131,ASV1298,Undirected,1614,,,1.618034
ASV1131,ASV1597,Undirected,1615,,,1.644522
ASV1131,ASV1718,Undirected,1616,,,1.608851
ASV1131,ASV1830,Undirected,1617,,,1.621707
ASV1131,ASV1927,Undirected,1618,,,1.611612
ASV1131,ASV2103,Undirected,1619,,,1.69099
ASV1131,ASV2120,Undirected,1620,,,1.616197
ASV1131,ASV2151,Undirected,1621,,,1.601504
ASV1144,ASV1152,Undirected,1630,,,1.613695
ASV1144,ASV1222,Undirected,1631,,,1.714599
ASV1144,ASV1248,Undirected,1632,,,1.625903
ASV1144,ASV1657,Undirected,1633,,,1.622002
ASV1144,ASV1812,Undirected,1634,,,1.617375
ASV1145,ASV1431,Undirected,1640,,,1.667205
ASV1145,ASV1483,Undirected,1641,,,1.703151
ASV1145,ASV1890,Undirected,1642,,,1.711601
ASV1145,ASV2005,Undirected,1643,,,1.954751
ASV1146,ASV1351,Undirected,1650,,,1.626408
ASV1146,ASV1431,Undirected,1651,,,1.93115
ASV1146,ASV1483,Undirected,1652,,,1.913044
ASV1146,ASV1766,Undirected,1653,,,1.682959
ASV1146,ASV1890,Undirected,1654,,,1.903065
ASV1146,ASV2060,Undirected,1655,,,1.971002
ASV1146,ASV2187,Undirected,1656,,,1.974327
ASV1152,ASV1312,Undirected,1662,,,1.611304
ASV1152,ASV1812,Undirected,1663,,,1.664692
ASV1170,ASV1980,Undirected,1669,,,1.663315
ASV1171,ASV1399,Undirected,1671,,,1.663315
ASV1171,ASV1543,Undirected,1672,,,1.663315
ASV1171,ASV1733,Undirected,1673,,,1.670217
ASV1171,ASV2165,Undirected,1674,,,1.670217
ASV1171,ASV2193,Undirected,1675,,,1.663315
ASV1182,ASV1486,Undirected,1682,,,2
ASV1182,ASV1666,Undirected,1683,,,2
ASV1182,ASV1760,Undirected,1684,,,2
ASV1182,ASV1771,Undirected,1685,,,2
ASV1182,ASV2000,Undirected,1686,,,1.670217
ASV1182,ASV2086,Undirected,1687,,,1.991736
ASV1184,ASV1870,Undirected,1688,,,1.820523
ASV1184,ASV2035,Undirected,1689,,,1.809523
ASV1212,ASV1323,Undirected,1691,,,2
ASV1212,ASV1638,Undirected,1692,,,2
ASV1212,ASV1953,Undirected,1693,,,2
ASV1218,ASV1264,Undirected,1709,,,1.988626
ASV1218,ASV1297,Undirected,1710,,,1.817285
ASV1218,ASV1298,Undirected,1711,,,1.817285
ASV1218,ASV1321,Undirected,1712,,,1.823501
ASV1218,ASV1548,Undirected,1713,,,1.805902
ASV1218,ASV1596,Undirected,1714,,,1.854885
ASV1218,ASV1718,Undirected,1715,,,1.796563
ASV1218,ASV1754,Undirected,1716,,,1.635071
ASV1218,ASV1830,Undirected,1717,,,1.808996
ASV1218,ASV1927,Undirected,1718,,,1.818328
ASV1218,ASV1937,Undirected,1719,,,1.818328
ASV1218,ASV1980,Undirected,1720,,,1.608098
ASV1218,ASV2031,Undirected,1721,,,1.62826
ASV1218,ASV2068,Undirected,1722,,,1.814186
ASV1218,ASV2082,Undirected,1723,,,1.632565
ASV1218,ASV2103,Undirected,1724,,,1.718023
ASV1218,ASV2120,Undirected,1725,,,1.804852
ASV1218,ASV2151,Undirected,1726,,,1.825573
ASV1222,ASV1341,Undirected,1739,,,1.630478
ASV1222,ASV1367,Undirected,1740,,,1.764301
ASV1222,ASV2019,Undirected,1741,,,1.635728
ASV1231,ASV1379,Undirected,1743,,,1.766974
ASV1231,ASV1644,Undirected,1744,,,1.772081
ASV1248,ASV1391,Undirected,1755,,,1.62426
ASV1248,ASV1658,Undirected,1756,,,1.632366
ASV1248,ASV1714,Undirected,1757,,,1.621488
ASV1264,ASV1297,Undirected,1774,,,1.798635
ASV1264,ASV1298,Undirected,1775,,,1.796563
ASV1264,ASV1321,Undirected,1776,,,1.829718
ASV1264,ASV1548,Undirected,1777,,,1.826612
ASV1264,ASV1596,Undirected,1778,,,1.865515
ASV1264,ASV1718,Undirected,1779,,,1.806924
ASV1264,ASV1754,Undirected,1780,,,1.654028
ASV1264,ASV1830,Undirected,1781,,,1.792419
ASV1264,ASV1927,Undirected,1782,,,1.80176
ASV1264,ASV1937,Undirected,1783,,,1.818328
ASV1264,ASV2031,Undirected,1784,,,1.62257
ASV1264,ASV2068,Undirected,1785,,,1.826612
ASV1264,ASV2082,Undirected,1786,,,1.656079
ASV1264,ASV2103,Undirected,1787,,,1.714663
ASV1264,ASV2120,Undirected,1788,,,1.798635
ASV1264,ASV2151,Undirected,1789,,,1.815213
ASV1276,ASV1297,Undirected,1797,,,1.616197
ASV1276,ASV1298,Undirected,1798,,,1.607014
ASV1276,ASV1522,Undirected,1799,,,1.84343
ASV1276,ASV1718,Undirected,1800,,,1.616197
ASV1276,ASV1754,Undirected,1801,,,1.685259
ASV1276,ASV1765,Undirected,1802,,,1.645702
ASV1276,ASV1830,Undirected,1803,,,1.610687
ASV1276,ASV1927,Undirected,1804,,,1.618954
ASV1276,ASV1937,Undirected,1805,,,1.618954
ASV1276,ASV1967,Undirected,1806,,,1.876388
ASV1276,ASV2064,Undirected,1807,,,1.885036
ASV1276,ASV2068,Undirected,1808,,,1.611612
ASV1297,ASV1298,Undirected,1828,,,1.996603
ASV1297,ASV1321,Undirected,1829,,,1.969422
ASV1297,ASV1548,Undirected,1830,,,1.958121
ASV1297,ASV1596,Undirected,1831,,,1.686686
ASV1297,ASV1718,Undirected,1832,,,1.979615
ASV1297,ASV1754,Undirected,1833,,,1.792419
ASV1297,ASV1830,Undirected,1834,,,1.996603
ASV1297,ASV1907,Undirected,1835,,,1.688084
ASV1297,ASV1927,Undirected,1836,,,1.998868
ASV1297,ASV1937,Undirected,1837,,,1.985286
ASV1297,ASV1967,Undirected,1838,,,1.70262
ASV1297,ASV1980,Undirected,1839,,,1.762865
ASV1297,ASV2031,Undirected,1840,,,1.821256
ASV1297,ASV2064,Undirected,1841,,,1.707726
ASV1297,ASV2068,Undirected,1842,,,1.971704
ASV1297,ASV2120,Undirected,1843,,,1.979615
ASV1297,ASV2151,Undirected,1844,,,1.979615
ASV1298,ASV1321,Undirected,1865,,,1.969422
ASV1298,ASV1548,Undirected,1866,,,1.958121
ASV1298,ASV1596,Undirected,1867,,,1.67894
ASV1298,ASV1718,Undirected,1868,,,1.971687
ASV1298,ASV1754,Undirected,1869,,,1.792419
ASV1298,ASV1830,Undirected,1870,,,1.997735
ASV1298,ASV1907,Undirected,1871,,,1.685177
ASV1298,ASV1927,Undirected,1872,,,1.992077
ASV1298,ASV1937,Undirected,1873,,,1.973967
ASV1298,ASV1967,Undirected,1874,,,1.709403
ASV1298,ASV1980,Undirected,1875,,,1.770529
ASV1298,ASV2031,Undirected,1876,,,1.821256
ASV1298,ASV2064,Undirected,1877,,,1.708695
ASV1298,ASV2068,Undirected,1878,,,1.962649
ASV1298,ASV2103,Undirected,1879,,,1.607014
ASV1298,ASV2120,Undirected,1880,,,1.989807
ASV1298,ASV2151,Undirected,1881,,,1.987543
ASV1304,ASV1327,Undirected,1886,,,1.991736
ASV1304,ASV1557,Undirected,1887,,,1.991736
ASV1304,ASV1803,Undirected,1888,,,1.991736
ASV1309,ASV1491,Undirected,1898,,,1.976945
ASV1309,ASV1652,Undirected,1899,,,1.994236
ASV1309,ASV1653,Undirected,1900,,,1.982709
ASV1309,ASV2000,Undirected,1901,,,1.994236
ASV1309,ASV2084,Undirected,1902,,,1.982709
ASV1321,ASV1548,Undirected,1924,,,1.992077
ASV1321,ASV1596,Undirected,1925,,,1.704115
ASV1321,ASV1718,Undirected,1926,,,1.969422
ASV1321,ASV1754,Undirected,1927,,,1.823501
ASV1321,ASV1830,Undirected,1928,,,1.962627
ASV1321,ASV1907,Undirected,1929,,,1.685177
ASV1321,ASV1927,Undirected,1930,,,1.971704
ASV1321,ASV1937,Undirected,1931,,,1.985286
ASV1321,ASV1967,Undirected,1932,,,1.685177
ASV1321,ASV1980,Undirected,1933,,,1.667057
ASV1321,ASV2031,Undirected,1934,,,1.793269
ASV1321,ASV2064,Undirected,1935,,,1.678667
ASV1321,ASV2068,Undirected,1936,,,1.992077
ASV1321,ASV2103,Undirected,1937,,,1.616197
ASV1321,ASV2120,Undirected,1938,,,1.969422
ASV1321,ASV2151,Undirected,1939,,,1.989807
ASV1323,ASV1638,Undirected,1942,,,2
ASV1323,ASV1953,Undirected,1943,,,2
ASV1327,ASV1557,Undirected,1949,,,2
ASV1327,ASV1803,Undirected,1950,,,2
ASV1331,ASV1614,Undirected,1951,,,2
ASV1331,ASV1689,Undirected,1952,,,2
ASV1331,ASV1862,Undirected,1953,,,2
ASV1341,ASV2159,Undirected,1958,,,1.726356
ASV1351,ASV2060,Undirected,1961,,,1.682558
ASV1367,ASV2019,Undirected,1967,,,1.764426
ASV1375,ASV1379,Undirected,1972,,,1.663315
ASV1375,ASV1591,Undirected,1973,,,2
ASV1375,ASV1644,Undirected,1974,,,1.670217
ASV1375,ASV1871,Undirected,1975,,,1.991736
ASV1375,ASV1981,Undirected,1976,,,1.991736
ASV1375,ASV2157,Undirected,1977,,,2
ASV1379,ASV1591,Undirected,1987,,,1.663315
ASV1379,ASV1644,Undirected,1988,,,1.994236
ASV1379,ASV1871,Undirected,1989,,,1.670217
ASV1379,ASV1981,Undirected,1990,,,1.670217
ASV1379,ASV2157,Undirected,1991,,,1.663315
ASV1391,ASV1454,Undirected,2009,,,1.743019
ASV1391,ASV1647,Undirected,2010,,,1.676055
ASV1391,ASV1658,Undirected,2011,,,1.658623
ASV1391,ASV1714,Undirected,2012,,,1.930464
ASV1391,ASV1905,Undirected,2013,,,1.770687
ASV1391,ASV1923,Undirected,2014,,,1.698305
ASV1391,ASV2019,Undirected,2015,,,1.67408
ASV1399,ASV1543,Undirected,2020,,,2
ASV1399,ASV1733,Undirected,2021,,,1.991736
ASV1399,ASV2165,Undirected,2022,,,1.991736
ASV1399,ASV2193,Undirected,2023,,,2
ASV1402,ASV1599,Undirected,2033,,,1.991736
ASV1402,ASV1932,Undirected,2034,,,1.991736
ASV1402,ASV1971,Undirected,2035,,,1.991736
ASV1402,ASV2073,Undirected,2036,,,2
ASV1402,ASV2091,Undirected,2037,,,1.991736
ASV1414,ASV1532,Undirected,2040,,,1.68643
ASV1414,ASV1714,Undirected,2041,,,1.687667
ASV1414,ASV1905,Undirected,2042,,,1.804686
ASV1415,ASV1466,Undirected,2043,,,2
ASV1431,ASV1483,Undirected,2052,,,1.993369
ASV1431,ASV1766,Undirected,2053,,,1.74326
ASV1431,ASV1890,Undirected,2054,,,1.990877
ASV1431,ASV2005,Undirected,2055,,,1.63231
ASV1431,ASV2060,Undirected,2056,,,1.89631
ASV1431,ASV2187,Undirected,2057,,,1.930351
ASV1454,ASV1714,Undirected,2065,,,1.700837
ASV1483,ASV1766,Undirected,2076,,,1.751993
ASV1483,ASV1890,Undirected,2077,,,1.992547
ASV1483,ASV2005,Undirected,2078,,,1.679926
ASV1483,ASV2060,Undirected,2079,,,1.894824
ASV1483,ASV2187,Undirected,2080,,,1.913907
ASV1486,ASV1666,Undirected,2088,,,2
ASV1486,ASV1760,Undirected,2089,,,2
ASV1486,ASV1771,Undirected,2090,,,2
ASV1486,ASV2000,Undirected,2091,,,1.670217
ASV1486,ASV2086,Undirected,2092,,,1.991736
ASV1491,ASV1652,Undirected,2105,,,1.982709
ASV1491,ASV1653,Undirected,2106,,,1.994236
ASV1491,ASV2000,Undirected,2107,,,1.982709
ASV1491,ASV2084,Undirected,2108,,,1.994236
ASV1493,ASV2031,Undirected,2109,,,1.650071
ASV1522,ASV1765,Undirected,2112,,,1.786237
ASV1522,ASV1967,Undirected,2113,,,1.913837
ASV1522,ASV2064,Undirected,2114,,,1.926294
ASV1532,ASV2018,Undirected,2117,,,1.639005
ASV1532,ASV2118,Undirected,2118,,,1.782444
ASV1534,ASV1917,Undirected,2122,,,1.828076
ASV1543,ASV1733,Undirected,2128,,,1.991736
ASV1543,ASV2165,Undirected,2129,,,1.991736
ASV1543,ASV2193,Undirected,2130,,,2
ASV1548,ASV1596,Undirected,2151,,,1.703151
ASV1548,ASV1718,Undirected,2152,,,1.980759
ASV1548,ASV1754,Undirected,2153,,,1.830754
ASV1548,ASV1830,Undirected,2154,,,1.958121
ASV1548,ASV1907,Undirected,2155,,,1.698751
ASV1548,ASV1927,Undirected,2156,,,1.959276
ASV1548,ASV1937,Undirected,2157,,,1.977376
ASV1548,ASV1967,Undirected,2158,,,1.679381
ASV1548,ASV2031,Undirected,2159,,,1.79847
ASV1548,ASV2064,Undirected,2160,,,1.674813
ASV1548,ASV2068,Undirected,2161,,,1.99095
ASV1548,ASV2103,Undirected,2162,,,1.60794
ASV1548,ASV2120,Undirected,2163,,,1.971704
ASV1548,ASV2151,Undirected,2164,,,1.976231
ASV1557,ASV1803,Undirected,2171,,,2
ASV1562,ASV1870,Undirected,2172,,,1.649642
ASV1562,ASV2035,Undirected,2173,,,1.620599
ASV1586,ASV2082,Undirected,2174,,,1.638601
ASV1591,ASV1644,Undirected,2181,,,1.670217
ASV1591,ASV1871,Undirected,2182,,,1.991736
ASV1591,ASV1981,Undirected,2183,,,1.991736
ASV1591,ASV2157,Undirected,2184,,,2
ASV1596,ASV1718,Undirected,2205,,,1.698305
ASV1596,ASV1830,Undirected,2206,,,1.67894
ASV1596,ASV1861,Undirected,2207,,,1.777481
ASV1596,ASV1907,Undirected,2208,,,1.670257
ASV1596,ASV1927,Undirected,2209,,,1.691538
ASV1596,ASV1937,Undirected,2210,,,1.707021
ASV1596,ASV2068,Undirected,2211,,,1.710892
ASV1596,ASV2082,Undirected,2212,,,1.864719
ASV1596,ASV2103,Undirected,2213,,,1.859132
ASV1596,ASV2120,Undirected,2214,,,1.675067
ASV1596,ASV2151,Undirected,2215,,,1.686686
ASV1597,ASV1907,Undirected,2219,,,1.718079
ASV1597,ASV2031,Undirected,2220,,,1.654739
ASV1599,ASV1932,Undirected,2231,,,2
ASV1599,ASV1971,Undirected,2232,,,2
ASV1599,ASV2073,Undirected,2233,,,1.991736
ASV1599,ASV2091,Undirected,2234,,,2
ASV1606,ASV1813,Undirected,2236,,,1.746258
ASV1607,ASV1612,Undirected,2246,,,2
ASV1607,ASV1632,Undirected,2247,,,1.991736
ASV1607,ASV1651,Undirected,2248,,,2
ASV1607,ASV1921,Undirected,2249,,,1.991736
ASV1607,ASV1998,Undirected,2250,,,1.663315
ASV1607,ASV2055,Undirected,2251,,,1.991736
ASV1607,ASV2115,Undirected,2252,,,1.663315
ASV1612,ASV1632,Undirected,2263,,,1.991736
ASV1612,ASV1651,Undirected,2264,,,2
ASV1612,ASV1921,Undirected,2265,,,1.991736
ASV1612,ASV1998,Undirected,2266,,,1.663315
ASV1612,ASV2055,Undirected,2267,,,1.991736
ASV1612,ASV2115,Undirected,2268,,,1.663315
ASV1614,ASV1689,Undirected,2270,,,2
ASV1614,ASV1862,Undirected,2271,,,2
ASV1632,ASV1651,Undirected,2283,,,1.991736
ASV1632,ASV1921,Undirected,2284,,,2
ASV1632,ASV1998,Undirected,2285,,,1.670217
ASV1632,ASV2055,Undirected,2286,,,2
ASV1632,ASV2115,Undirected,2287,,,1.670217
ASV1638,ASV1953,Undirected,2291,,,2
ASV1643,ASV1669,Undirected,2292,,,1.663315
ASV1644,ASV1871,Undirected,2304,,,1.663315
ASV1644,ASV1981,Undirected,2305,,,1.663315
ASV1644,ASV2157,Undirected,2306,,,1.670217
ASV1647,ASV1923,Undirected,2319,,,1.971704
ASV1651,ASV1921,Undirected,2332,,,1.991736
ASV1651,ASV1998,Undirected,2333,,,1.663315
ASV1651,ASV2055,Undirected,2334,,,1.991736
ASV1651,ASV2115,Undirected,2335,,,1.663315
ASV1652,ASV1653,Undirected,2347,,,1.994236
ASV1652,ASV2000,Undirected,2348,,,1.982709
ASV1652,ASV2084,Undirected,2349,,,1.994236
ASV1653,ASV2000,Undirected,2364,,,1.976945
ASV1653,ASV2084,Undirected,2365,,,2
ASV1658,ASV1714,Undirected,2378,,,1.718223
ASV1658,ASV2019,Undirected,2379,,,1.6906
ASV1665,ASV1805,Undirected,2381,,,1.99547
ASV1666,ASV1760,Undirected,2390,,,2
ASV1666,ASV1771,Undirected,2391,,,2
ASV1666,ASV2000,Undirected,2392,,,1.670217
ASV1666,ASV2086,Undirected,2393,,,1.991736
ASV1689,ASV1862,Undirected,2397,,,2
ASV1714,ASV1905,Undirected,2411,,,1.822088
ASV1714,ASV2019,Undirected,2412,,,1.671069
ASV1718,ASV1754,Undirected,2438,,,1.813141
ASV1718,ASV1830,Undirected,2439,,,1.980747
ASV1718,ASV1907,Undirected,2440,,,1.709403
ASV1718,ASV1927,Undirected,2441,,,1.980759
ASV1718,ASV1937,Undirected,2442,,,1.985286
ASV1718,ASV1967,Undirected,2443,,,1.685177
ASV1718,ASV1980,Undirected,2444,,,1.61085
ASV1718,ASV2031,Undirected,2445,,,1.821256
ASV1718,ASV2064,Undirected,2446,,,1.694165
ASV1718,ASV2068,Undirected,2447,,,1.985286
ASV1718,ASV2120,Undirected,2448,,,1.97282
ASV1718,ASV2151,Undirected,2449,,,1.95923
ASV1733,ASV2165,Undirected,2456,,,2
ASV1733,ASV2193,Undirected,2457,,,1.991736
ASV1754,ASV1830,Undirected,2484,,,1.792419
ASV1754,ASV1927,Undirected,2485,,,1.793476
ASV1754,ASV1937,Undirected,2486,,,1.810044
ASV1754,ASV2031,Undirected,2487,,,1.62826
ASV1754,ASV2068,Undirected,2488,,,1.82247
ASV1754,ASV2120,Undirected,2489,,,1.804852
ASV1754,ASV2151,Undirected,2490,,,1.808996
ASV1760,ASV1771,Undirected,2500,,,2
ASV1760,ASV2000,Undirected,2501,,,1.670217
ASV1760,ASV2086,Undirected,2502,,,1.991736
ASV1765,ASV1967,Undirected,2505,,,1.778292
ASV1765,ASV2064,Undirected,2506,,,1.769704
ASV1766,ASV1890,Undirected,2515,,,1.739639
ASV1766,ASV2060,Undirected,2516,,,1.666972
ASV1766,ASV2187,Undirected,2517,,,1.67064
ASV1771,ASV2000,Undirected,2528,,,1.670217
ASV1771,ASV2086,Undirected,2529,,,1.991736
ASV1830,ASV1907,Undirected,2567,,,1.69293
ASV1830,ASV1927,Undirected,2568,,,1.992077
ASV1830,ASV1937,Undirected,2569,,,1.973967
ASV1830,ASV1967,Undirected,2570,,,1.707465
ASV1830,ASV1980,Undirected,2571,,,1.741148
ASV1830,ASV2031,Undirected,2572,,,1.827476
ASV1830,ASV2064,Undirected,2573,,,1.710632
ASV1830,ASV2068,Undirected,2574,,,1.962649
ASV1830,ASV2120,Undirected,2575,,,1.989807
ASV1830,ASV2151,Undirected,2576,,,1.978482
ASV1861,ASV1907,Undirected,2580,,,1.647733
ASV1861,ASV2082,Undirected,2581,,,1.723856
ASV1861,ASV2103,Undirected,2582,,,1.674609
ASV1870,ASV2035,Undirected,2590,,,1.968517
ASV1871,ASV1981,Undirected,2599,,,2
ASV1871,ASV2157,Undirected,2600,,,1.991736
ASV1890,ASV2005,Undirected,2612,,,1.672877
ASV1890,ASV2060,Undirected,2613,,,1.893952
ASV1890,ASV2187,Undirected,2614,,,1.919669
ASV1907,ASV1927,Undirected,2643,,,1.687129
ASV1907,ASV1937,Undirected,2644,,,1.691003
ASV1907,ASV2068,Undirected,2645,,,1.694877
ASV1907,ASV2120,Undirected,2646,,,1.693899
ASV1907,ASV2151,Undirected,2647,,,1.678394
ASV1921,ASV1998,Undirected,2663,,,1.670217
ASV1921,ASV2055,Undirected,2664,,,2
ASV1921,ASV2115,Undirected,2665,,,1.670217
ASV1927,ASV1937,Undirected,2705,,,1.99095
ASV1927,ASV1967,Undirected,2706,,,1.696814
ASV1927,ASV1980,Undirected,2707,,,1.75676
ASV1927,ASV2031,Undirected,2708,,,1.817118
ASV1927,ASV2064,Undirected,2709,,,1.703856
ASV1927,ASV2068,Undirected,2710,,,1.977376
ASV1927,ASV2120,Undirected,2711,,,1.971704
ASV1927,ASV2151,Undirected,2712,,,1.976231
ASV1932,ASV1971,Undirected,2724,,,2
ASV1932,ASV2073,Undirected,2725,,,1.991736
ASV1932,ASV2091,Undirected,2726,,,2
ASV1937,ASV1967,Undirected,2756,,,1.681318
ASV1937,ASV1980,Undirected,2757,,,1.687818
ASV1937,ASV2031,Undirected,2758,,,1.804686
ASV1937,ASV2064,Undirected,2759,,,1.688366
ASV1937,ASV2068,Undirected,2760,,,1.995475
ASV1937,ASV2120,Undirected,2761,,,1.958121
ASV1937,ASV2151,Undirected,2762,,,1.971704
ASV1967,ASV2064,Undirected,2791,,,1.995856
ASV1967,ASV2068,Undirected,2792,,,1.675507
ASV1967,ASV2120,Undirected,2793,,,1.708434
ASV1967,ASV2151,Undirected,2794,,,1.70262
ASV1971,ASV2073,Undirected,2807,,,1.991736
ASV1971,ASV2091,Undirected,2808,,,2
ASV1980,ASV2068,Undirected,2834,,,1.629089
ASV1980,ASV2120,Undirected,2835,,,1.690051
ASV1980,ASV2151,Undirected,2836,,,1.738593
ASV1981,ASV2157,Undirected,2846,,,1.991736
ASV1998,ASV2055,Undirected,2860,,,1.670217
ASV2000,ASV2084,Undirected,2880,,,1.976945
ASV2000,ASV2086,Undirected,2881,,,1.663315
ASV2031,ASV2068,Undirected,2934,,,1.79847
ASV2031,ASV2120,Undirected,2935,,,1.821256
ASV2031,ASV2151,Undirected,2936,,,1.802598
ASV2055,ASV2115,Undirected,2957,,,1.670217
ASV2060,ASV2187,Undirected,2970,,,1.974327
ASV2064,ASV2068,Undirected,2995,,,1.678685
ASV2064,ASV2120,Undirected,2996,,,1.701915
ASV2064,ASV2151,Undirected,2997,,,1.692228
ASV2068,ASV2103,Undirected,3032,,,1.600598
ASV2068,ASV2120,Undirected,3033,,,1.958121
ASV2068,ASV2151,Undirected,3034,,,1.971704
ASV2073,ASV2091,Undirected,3048,,,1.991736
ASV2082,ASV2103,Undirected,3058,,,1.723856
ASV2099,ASV2156,Undirected,3102,,,1.991736
ASV2103,ASV2120,Undirected,3123,,,1.610687
ASV2103,ASV2151,Undirected,3124,,,1.621707
ASV2120,ASV2151,Undirected,3174,,,1.98641
ASV2165,ASV2193,Undirected,3234,,,1.991736
