Source,Target,Type,Id,Label,timeset,Weight,pn
ASV0010,ASV0527,Undirected,0,NA,NA,1.698032,p
ASV0010,ASV1379,Undirected,1,NA,NA,1.718459,p
ASV0010,ASV1644,Undirected,2,NA,NA,1.713352,p
ASV0018,ASV0274,Undirected,3,NA,NA,1.80199,p
ASV0018,ASV0610,Undirected,4,NA,NA,1.609637,p
ASV0018,ASV0849,Undirected,5,NA,NA,1.745704,p
ASV0018,ASV0941,Undirected,6,NA,NA,1.706098,p
ASV0018,ASV0955,Undirected,7,NA,NA,1.614851,p
ASV0018,ASV1112,Undirected,8,NA,NA,1.616506,p
ASV0018,ASV1144,Undirected,9,NA,NA,1.744746,p
ASV0018,ASV1222,Undirected,10,NA,NA,1.763519,p
ASV0026,ASV0287,Undirected,11,NA,NA,1.633435,p
ASV0026,ASV0358,Undirected,12,NA,NA,1.991736,p
ASV0026,ASV0397,Undirected,13,NA,NA,2,p
ASV0026,ASV0621,Undirected,14,NA,NA,2,p
ASV0026,ASV0794,Undirected,15,NA,NA,1.991736,p
ASV0026,ASV0908,Undirected,16,NA,NA,1.991736,p
ASV0026,ASV0924,Undirected,17,NA,NA,1.670217,p
ASV0026,ASV1068,Undirected,18,NA,NA,2,p
ASV0026,ASV1402,Undirected,19,NA,NA,1.991736,p
ASV0026,ASV1599,Undirected,20,NA,NA,2,p
ASV0026,ASV1932,Undirected,21,NA,NA,2,p
ASV0026,ASV1971,Undirected,22,NA,NA,2,p
ASV0026,ASV2073,Undirected,23,NA,NA,1.991736,p
ASV0026,ASV2091,Undirected,24,NA,NA,2,p
ASV0030,ASV0274,Undirected,25,NA,NA,1.611286,p
ASV0030,ASV0325,Undirected,26,NA,NA,1.620482,p
ASV0030,ASV0497,Undirected,27,NA,NA,1.664184,p
ASV0030,ASV0610,Undirected,28,NA,NA,1.633342,p
ASV0030,ASV1112,Undirected,29,NA,NA,1.808336,p
ASV0030,ASV1657,Undirected,30,NA,NA,1.647726,p
ASV0037,ASV0142,Undirected,31,NA,NA,2,p
ASV0037,ASV1432,Undirected,32,NA,NA,2,p
ASV0046,ASV0245,Undirected,33,NA,NA,2,p
ASV0046,ASV0492,Undirected,34,NA,NA,2,p
ASV0046,ASV0508,Undirected,35,NA,NA,2,p
ASV0046,ASV0600,Undirected,36,NA,NA,1.670217,p
ASV0046,ASV0761,Undirected,37,NA,NA,1.670217,p
ASV0046,ASV0768,Undirected,38,NA,NA,2,p
ASV0046,ASV0949,Undirected,39,NA,NA,2,p
ASV0046,ASV0993,Undirected,40,NA,NA,1.991736,p
ASV0046,ASV1607,Undirected,41,NA,NA,2,p
ASV0046,ASV1612,Undirected,42,NA,NA,2,p
ASV0046,ASV1632,Undirected,43,NA,NA,1.991736,p
ASV0046,ASV1651,Undirected,44,NA,NA,2,p
ASV0046,ASV1921,Undirected,45,NA,NA,1.991736,p
ASV0046,ASV1998,Undirected,46,NA,NA,1.663315,p
ASV0046,ASV2055,Undirected,47,NA,NA,1.991736,p
ASV0046,ASV2115,Undirected,48,NA,NA,1.663315,p
ASV0047,ASV0309,Undirected,49,NA,NA,1.623225,p
ASV0047,ASV1131,Undirected,50,NA,NA,1.708536,p
ASV0077,ASV0298,Undirected,51,NA,NA,2,p
ASV0077,ASV0521,Undirected,52,NA,NA,1.663315,p
ASV0077,ASV0834,Undirected,53,NA,NA,2,p
ASV0077,ASV1304,Undirected,54,NA,NA,2,p
ASV0077,ASV1327,Undirected,55,NA,NA,1.991736,p
ASV0077,ASV1557,Undirected,56,NA,NA,1.991736,p
ASV0077,ASV1803,Undirected,57,NA,NA,1.991736,p
ASV0082,ASV0117,Undirected,58,NA,NA,1.670217,p
ASV0082,ASV0202,Undirected,59,NA,NA,1.670217,p
ASV0082,ASV0204,Undirected,60,NA,NA,1.663315,p
ASV0082,ASV0486,Undirected,61,NA,NA,1.991736,p
ASV0082,ASV0917,Undirected,62,NA,NA,2,p
ASV0082,ASV1491,Undirected,63,NA,NA,1.670217,p
ASV0082,ASV1653,Undirected,64,NA,NA,1.663315,p
ASV0082,ASV2084,Undirected,65,NA,NA,1.663315,p
ASV0095,ASV0255,Undirected,66,NA,NA,1.73963,p
ASV0095,ASV0389,Undirected,67,NA,NA,1.710892,p
ASV0095,ASV0833,Undirected,68,NA,NA,1.683797,p
ASV0095,ASV0872,Undirected,69,NA,NA,1.703856,p
ASV0095,ASV1145,Undirected,70,NA,NA,2,p
ASV0095,ASV1431,Undirected,71,NA,NA,1.667205,p
ASV0095,ASV1483,Undirected,72,NA,NA,1.703151,p
ASV0095,ASV1890,Undirected,73,NA,NA,1.711601,p
ASV0095,ASV2005,Undirected,74,NA,NA,1.954751,p
ASV0104,ASV0117,Undirected,75,NA,NA,1.982709,p
ASV0104,ASV0202,Undirected,76,NA,NA,1.982709,p
ASV0104,ASV0204,Undirected,77,NA,NA,1.976945,p
ASV0104,ASV0242,Undirected,78,NA,NA,1.618214,p
ASV0104,ASV0257,Undirected,79,NA,NA,1.994236,p
ASV0104,ASV0317,Undirected,80,NA,NA,1.670217,p
ASV0104,ASV0654,Undirected,81,NA,NA,1.994236,p
ASV0104,ASV0667,Undirected,82,NA,NA,1.670217,p
ASV0104,ASV0939,Undirected,83,NA,NA,2,p
ASV0104,ASV1182,Undirected,84,NA,NA,1.670217,p
ASV0104,ASV1309,Undirected,85,NA,NA,1.994236,p
ASV0104,ASV1486,Undirected,86,NA,NA,1.670217,p
ASV0104,ASV1491,Undirected,87,NA,NA,1.982709,p
ASV0104,ASV1652,Undirected,88,NA,NA,1.982709,p
ASV0104,ASV1653,Undirected,89,NA,NA,1.976945,p
ASV0104,ASV1666,Undirected,90,NA,NA,1.670217,p
ASV0104,ASV1760,Undirected,91,NA,NA,1.670217,p
ASV0104,ASV1771,Undirected,92,NA,NA,1.670217,p
ASV0104,ASV2000,Undirected,93,NA,NA,2,p
ASV0104,ASV2084,Undirected,94,NA,NA,1.976945,p
ASV0104,ASV2086,Undirected,95,NA,NA,1.663315,p
ASV0112,ASV2099,Undirected,96,NA,NA,1.991736,p
ASV0112,ASV2156,Undirected,97,NA,NA,2,p
ASV0117,ASV0202,Undirected,100,NA,NA,2,p
ASV0117,ASV0204,Undirected,101,NA,NA,1.994236,p
ASV0117,ASV0242,Undirected,102,NA,NA,1.618214,p
ASV0117,ASV0257,Undirected,103,NA,NA,1.994236,p
ASV0117,ASV0486,Undirected,104,NA,NA,1.663315,p
ASV0117,ASV0654,Undirected,105,NA,NA,1.994236,p
ASV0117,ASV0917,Undirected,106,NA,NA,1.670217,p
ASV0117,ASV0939,Undirected,107,NA,NA,1.982709,p
ASV0117,ASV1309,Undirected,108,NA,NA,1.976945,p
ASV0117,ASV1491,Undirected,109,NA,NA,2,p
ASV0117,ASV1652,Undirected,110,NA,NA,1.982709,p
ASV0117,ASV1653,Undirected,111,NA,NA,1.994236,p
ASV0117,ASV2000,Undirected,112,NA,NA,1.982709,p
ASV0117,ASV2084,Undirected,113,NA,NA,1.994236,p
ASV0121,ASV0714,Undirected,114,NA,NA,1.759985,p
ASV0123,ASV0799,Undirected,115,NA,NA,1.663315,p
ASV0123,ASV1399,Undirected,116,NA,NA,1.663315,p
ASV0123,ASV1543,Undirected,117,NA,NA,1.663315,p
ASV0123,ASV1733,Undirected,118,NA,NA,1.670217,p
ASV0123,ASV2165,Undirected,119,NA,NA,1.670217,p
ASV0123,ASV2193,Undirected,120,NA,NA,1.663315,p
ASV0132,ASV0497,Undirected,121,NA,NA,1.693419,p
ASV0132,ASV0941,Undirected,122,NA,NA,1.642115,p
ASV0132,ASV1222,Undirected,123,NA,NA,1.632575,p
ASV0132,ASV1341,Undirected,124,NA,NA,1.995859,p
ASV0132,ASV2159,Undirected,125,NA,NA,1.715832,p
ASV0142,ASV1432,Undirected,127,NA,NA,2,p
ASV0151,ASV0201,Undirected,128,NA,NA,1.977376,p
ASV0151,ASV0309,Undirected,129,NA,NA,1.80176,p
ASV0151,ASV0360,Undirected,130,NA,NA,1.959276,p
ASV0151,ASV0413,Undirected,131,NA,NA,1.977376,p
ASV0151,ASV0415,Undirected,132,NA,NA,1.998868,p
ASV0151,ASV0490,Undirected,133,NA,NA,1.687818,p
ASV0151,ASV0491,Undirected,134,NA,NA,1.992077,p
ASV0151,ASV0521,Undirected,135,NA,NA,1.649516,p
ASV0151,ASV0523,Undirected,136,NA,NA,1.973967,p
ASV0151,ASV0777,Undirected,137,NA,NA,1.968326,p
ASV0151,ASV0804,Undirected,138,NA,NA,1.621393,p
ASV0151,ASV0829,Undirected,139,NA,NA,1.964913,p
ASV0151,ASV0857,Undirected,140,NA,NA,1.9819,p
ASV0151,ASV0873,Undirected,141,NA,NA,1.99095,p
ASV0151,ASV1023,Undirected,142,NA,NA,1.959276,p
ASV0151,ASV1218,Undirected,143,NA,NA,1.818328,p
ASV0151,ASV1264,Undirected,144,NA,NA,1.818328,p
ASV0151,ASV1276,Undirected,145,NA,NA,1.618954,p
ASV0151,ASV1297,Undirected,146,NA,NA,1.985286,p
ASV0151,ASV1298,Undirected,147,NA,NA,1.973967,p
ASV0151,ASV1321,Undirected,148,NA,NA,1.985286,p
ASV0151,ASV1548,Undirected,149,NA,NA,1.977376,p
ASV0151,ASV1596,Undirected,150,NA,NA,1.707021,p
ASV0151,ASV1718,Undirected,151,NA,NA,1.985286,p
ASV0151,ASV1754,Undirected,152,NA,NA,1.810044,p
ASV0151,ASV1830,Undirected,153,NA,NA,1.973967,p
ASV0151,ASV1907,Undirected,154,NA,NA,1.691003,p
ASV0151,ASV1927,Undirected,155,NA,NA,1.99095,p
ASV0151,ASV1937,Undirected,156,NA,NA,2,p
ASV0151,ASV1967,Undirected,157,NA,NA,1.681318,p
ASV0151,ASV1980,Undirected,158,NA,NA,1.687818,p
ASV0151,ASV2031,Undirected,159,NA,NA,1.804686,p
ASV0151,ASV2064,Undirected,160,NA,NA,1.688366,p
ASV0151,ASV2068,Undirected,161,NA,NA,1.995475,p
ASV0151,ASV2120,Undirected,162,NA,NA,1.958121,p
ASV0151,ASV2151,Undirected,163,NA,NA,1.971704,p
ASV0155,ASV0442,Undirected,164,NA,NA,1.794472,p
ASV0155,ASV1596,Undirected,165,NA,NA,1.713968,p
ASV0155,ASV1861,Undirected,166,NA,NA,1.649076,p
ASV0155,ASV2082,Undirected,167,NA,NA,1.702235,p
ASV0173,ASV1942,Undirected,168,NA,NA,2,p
ASV0179,ASV0535,Undirected,169,NA,NA,2,p
ASV0179,ASV0668,Undirected,170,NA,NA,1.991736,p
ASV0187,ASV1149,Undirected,171,NA,NA,1.832214,p
ASV0201,ASV0309,Undirected,173,NA,NA,1.793476,p
ASV0201,ASV0360,Undirected,174,NA,NA,1.986425,p
ASV0201,ASV0413,Undirected,175,NA,NA,1.954751,p
ASV0201,ASV0415,Undirected,176,NA,NA,1.973967,p
ASV0201,ASV0491,Undirected,177,NA,NA,1.994341,p
ASV0201,ASV0521,Undirected,178,NA,NA,1.772081,p
ASV0201,ASV0523,Undirected,179,NA,NA,1.958121,p
ASV0201,ASV0777,Undirected,180,NA,NA,1.959276,p
ASV0201,ASV0804,Undirected,181,NA,NA,1.610376,p
ASV0201,ASV0829,Undirected,182,NA,NA,1.962649,p
ASV0201,ASV0857,Undirected,183,NA,NA,1.986425,p
ASV0201,ASV0873,Undirected,184,NA,NA,1.959276,p
ASV0201,ASV1023,Undirected,185,NA,NA,1.986425,p
ASV0201,ASV1218,Undirected,186,NA,NA,1.805902,p
ASV0201,ASV1264,Undirected,187,NA,NA,1.826612,p
ASV0201,ASV1297,Undirected,188,NA,NA,1.958121,p
ASV0201,ASV1298,Undirected,189,NA,NA,1.958121,p
ASV0201,ASV1321,Undirected,190,NA,NA,1.992077,p
ASV0201,ASV1548,Undirected,191,NA,NA,2,p
ASV0201,ASV1596,Undirected,192,NA,NA,1.703151,p
ASV0201,ASV1718,Undirected,193,NA,NA,1.980759,p
ASV0201,ASV1754,Undirected,194,NA,NA,1.830754,p
ASV0201,ASV1830,Undirected,195,NA,NA,1.958121,p
ASV0201,ASV1907,Undirected,196,NA,NA,1.698751,p
ASV0201,ASV1927,Undirected,197,NA,NA,1.959276,p
ASV0201,ASV1937,Undirected,198,NA,NA,1.977376,p
ASV0201,ASV1967,Undirected,199,NA,NA,1.679381,p
ASV0201,ASV2031,Undirected,200,NA,NA,1.79847,p
ASV0201,ASV2064,Undirected,201,NA,NA,1.674813,p
ASV0201,ASV2068,Undirected,202,NA,NA,1.99095,p
ASV0201,ASV2103,Undirected,203,NA,NA,1.60794,p
ASV0201,ASV2120,Undirected,204,NA,NA,1.971704,p
ASV0201,ASV2151,Undirected,205,NA,NA,1.976231,p
ASV0202,ASV0204,Undirected,209,NA,NA,1.994236,p
ASV0202,ASV0242,Undirected,210,NA,NA,1.618214,p
ASV0202,ASV0257,Undirected,211,NA,NA,1.994236,p
ASV0202,ASV0486,Undirected,212,NA,NA,1.663315,p
ASV0202,ASV0654,Undirected,213,NA,NA,1.994236,p
ASV0202,ASV0917,Undirected,214,NA,NA,1.670217,p
ASV0202,ASV0939,Undirected,215,NA,NA,1.982709,p
ASV0202,ASV1309,Undirected,216,NA,NA,1.976945,p
ASV0202,ASV1491,Undirected,217,NA,NA,2,p
ASV0202,ASV1652,Undirected,218,NA,NA,1.982709,p
ASV0202,ASV1653,Undirected,219,NA,NA,1.994236,p
ASV0202,ASV2000,Undirected,220,NA,NA,1.982709,p
ASV0202,ASV2084,Undirected,221,NA,NA,1.994236,p
ASV0204,ASV0242,Undirected,226,NA,NA,1.60886,p
ASV0204,ASV0257,Undirected,227,NA,NA,1.982709,p
ASV0204,ASV0486,Undirected,228,NA,NA,1.670217,p
ASV0204,ASV0654,Undirected,229,NA,NA,1.982709,p
ASV0204,ASV0917,Undirected,230,NA,NA,1.663315,p
ASV0204,ASV0939,Undirected,231,NA,NA,1.976945,p
ASV0204,ASV1309,Undirected,232,NA,NA,1.982709,p
ASV0204,ASV1491,Undirected,233,NA,NA,1.994236,p
ASV0204,ASV1652,Undirected,234,NA,NA,1.994236,p
ASV0204,ASV1653,Undirected,235,NA,NA,2,p
ASV0204,ASV2000,Undirected,236,NA,NA,1.976945,p
ASV0204,ASV2084,Undirected,237,NA,NA,2,p
ASV0242,ASV0257,Undirected,242,NA,NA,1.622891,p
ASV0242,ASV0654,Undirected,243,NA,NA,1.622891,p
ASV0242,ASV0939,Undirected,244,NA,NA,1.618214,p
ASV0242,ASV1309,Undirected,245,NA,NA,1.60886,p
ASV0242,ASV1491,Undirected,246,NA,NA,1.618214,p
ASV0242,ASV1652,Undirected,247,NA,NA,1.604184,p
ASV0242,ASV1653,Undirected,248,NA,NA,1.60886,p
ASV0242,ASV2000,Undirected,249,NA,NA,1.618214,p
ASV0242,ASV2084,Undirected,250,NA,NA,1.60886,p
ASV0245,ASV0492,Undirected,252,NA,NA,2,p
ASV0245,ASV0508,Undirected,253,NA,NA,2,p
ASV0245,ASV0600,Undirected,254,NA,NA,1.670217,p
ASV0245,ASV0761,Undirected,255,NA,NA,1.670217,p
ASV0245,ASV0768,Undirected,256,NA,NA,2,p
ASV0245,ASV0949,Undirected,257,NA,NA,2,p
ASV0245,ASV0993,Undirected,258,NA,NA,1.991736,p
ASV0245,ASV1607,Undirected,259,NA,NA,2,p
ASV0245,ASV1612,Undirected,260,NA,NA,2,p
ASV0245,ASV1632,Undirected,261,NA,NA,1.991736,p
ASV0245,ASV1651,Undirected,262,NA,NA,2,p
ASV0245,ASV1921,Undirected,263,NA,NA,1.991736,p
ASV0245,ASV1998,Undirected,264,NA,NA,1.663315,p
ASV0245,ASV2055,Undirected,265,NA,NA,1.991736,p
ASV0245,ASV2115,Undirected,266,NA,NA,1.663315,p
ASV0255,ASV0389,Undirected,268,NA,NA,1.822996,p
ASV0255,ASV0833,Undirected,269,NA,NA,1.851342,p
ASV0255,ASV0872,Undirected,270,NA,NA,1.808686,p
ASV0255,ASV1145,Undirected,271,NA,NA,1.73963,p
ASV0255,ASV1146,Undirected,272,NA,NA,1.616386,p
ASV0255,ASV1431,Undirected,273,NA,NA,1.774559,p
ASV0255,ASV1483,Undirected,274,NA,NA,1.789335,p
ASV0255,ASV1890,Undirected,275,NA,NA,1.805141,p
ASV0255,ASV2005,Undirected,276,NA,NA,1.785192,p
ASV0255,ASV2060,Undirected,277,NA,NA,1.642971,p
ASV0255,ASV2187,Undirected,278,NA,NA,1.601543,p
ASV0257,ASV0317,Undirected,284,NA,NA,1.663315,p
ASV0257,ASV0654,Undirected,285,NA,NA,2,p
ASV0257,ASV0667,Undirected,286,NA,NA,1.663315,p
ASV0257,ASV0939,Undirected,287,NA,NA,1.994236,p
ASV0257,ASV1182,Undirected,288,NA,NA,1.663315,p
ASV0257,ASV1309,Undirected,289,NA,NA,1.982709,p
ASV0257,ASV1486,Undirected,290,NA,NA,1.663315,p
ASV0257,ASV1491,Undirected,291,NA,NA,1.994236,p
ASV0257,ASV1652,Undirected,292,NA,NA,1.976945,p
ASV0257,ASV1653,Undirected,293,NA,NA,1.982709,p
ASV0257,ASV1666,Undirected,294,NA,NA,1.663315,p
ASV0257,ASV1760,Undirected,295,NA,NA,1.663315,p
ASV0257,ASV1771,Undirected,296,NA,NA,1.663315,p
ASV0257,ASV2000,Undirected,297,NA,NA,1.994236,p
ASV0257,ASV2084,Undirected,298,NA,NA,1.982709,p
ASV0257,ASV2086,Undirected,299,NA,NA,1.670217,p
ASV0264,ASV2138,Undirected,300,NA,NA,2,p
ASV0274,ASV0530,Undirected,303,NA,NA,1.663325,p
ASV0274,ASV0610,Undirected,304,NA,NA,1.66043,p
ASV0274,ASV0776,Undirected,305,NA,NA,1.73474,p
ASV0274,ASV0849,Undirected,306,NA,NA,1.667403,p
ASV0274,ASV0941,Undirected,307,NA,NA,1.839737,p
ASV0274,ASV1016,Undirected,308,NA,NA,1.632482,p
ASV0274,ASV1118,Undirected,309,NA,NA,1.792831,p
ASV0274,ASV1144,Undirected,310,NA,NA,1.851567,p
ASV0274,ASV1222,Undirected,311,NA,NA,1.788077,p
ASV0274,ASV1248,Undirected,312,NA,NA,1.650617,p
ASV0274,ASV1367,Undirected,313,NA,NA,1.67266,p
ASV0274,ASV1746,Undirected,314,NA,NA,1.616553,p
ASV0274,ASV2019,Undirected,315,NA,NA,1.690121,p
ASV0287,ASV0358,Undirected,317,NA,NA,1.623075,p
ASV0287,ASV0397,Undirected,318,NA,NA,1.633435,p
ASV0287,ASV0615,Undirected,319,NA,NA,1.635375,p
ASV0287,ASV0621,Undirected,320,NA,NA,1.633435,p
ASV0287,ASV0794,Undirected,321,NA,NA,1.623075,p
ASV0287,ASV0908,Undirected,322,NA,NA,1.623075,p
ASV0287,ASV0924,Undirected,323,NA,NA,1.998559,p
ASV0287,ASV1068,Undirected,324,NA,NA,1.633435,p
ASV0287,ASV1402,Undirected,325,NA,NA,1.623075,p
ASV0287,ASV1599,Undirected,326,NA,NA,1.633435,p
ASV0287,ASV1932,Undirected,327,NA,NA,1.633435,p
ASV0287,ASV1971,Undirected,328,NA,NA,1.633435,p
ASV0287,ASV2073,Undirected,329,NA,NA,1.623075,p
ASV0287,ASV2091,Undirected,330,NA,NA,1.633435,p
ASV0296,ASV1998,Undirected,331,NA,NA,1.718459,p
ASV0298,ASV0521,Undirected,333,NA,NA,1.663315,p
ASV0298,ASV0834,Undirected,334,NA,NA,2,p
ASV0298,ASV1304,Undirected,335,NA,NA,2,p
ASV0298,ASV1327,Undirected,336,NA,NA,1.991736,p
ASV0298,ASV1557,Undirected,337,NA,NA,1.991736,p
ASV0298,ASV1803,Undirected,338,NA,NA,1.991736,p
ASV0309,ASV0360,Undirected,342,NA,NA,1.805902,p
ASV0309,ASV0413,Undirected,343,NA,NA,1.826612,p
ASV0309,ASV0415,Undirected,344,NA,NA,1.804852,p
ASV0309,ASV0491,Undirected,345,NA,NA,1.792419,p
ASV0309,ASV0523,Undirected,346,NA,NA,1.829718,p
ASV0309,ASV0777,Undirected,347,NA,NA,1.82247,p
ASV0309,ASV0804,Undirected,348,NA,NA,1.698493,p
ASV0309,ASV0829,Undirected,349,NA,NA,1.825573,p
ASV0309,ASV0857,Undirected,350,NA,NA,1.793476,p
ASV0309,ASV0873,Undirected,351,NA,NA,1.818328,p
ASV0309,ASV1023,Undirected,352,NA,NA,1.814186,p
ASV0309,ASV1131,Undirected,353,NA,NA,1.77263,p
ASV0309,ASV1218,Undirected,354,NA,NA,1.63128,p
ASV0309,ASV1264,Undirected,355,NA,NA,1.619905,p
ASV0309,ASV1297,Undirected,356,NA,NA,1.823501,p
ASV0309,ASV1298,Undirected,357,NA,NA,1.825573,p
ASV0309,ASV1321,Undirected,358,NA,NA,1.792419,p
ASV0309,ASV1548,Undirected,359,NA,NA,1.793476,p
ASV0309,ASV1597,Undirected,360,NA,NA,1.655566,p
ASV0309,ASV1718,Undirected,361,NA,NA,1.815213,p
ASV0309,ASV1754,Undirected,362,NA,NA,1.623697,p
ASV0309,ASV1830,Undirected,363,NA,NA,1.829718,p
ASV0309,ASV1927,Undirected,364,NA,NA,1.818328,p
ASV0309,ASV1937,Undirected,365,NA,NA,1.80176,p
ASV0309,ASV1975,Undirected,366,NA,NA,1.701015,p
ASV0309,ASV2031,Undirected,367,NA,NA,1.65671,p
ASV0309,ASV2068,Undirected,368,NA,NA,1.793476,p
ASV0309,ASV2120,Undirected,369,NA,NA,1.823501,p
ASV0309,ASV2151,Undirected,370,NA,NA,1.806924,p
ASV0310,ASV0550,Undirected,371,NA,NA,2,p
ASV0310,ASV0638,Undirected,372,NA,NA,1.991736,p
ASV0310,ASV1015,Undirected,373,NA,NA,2,p
ASV0310,ASV1375,Undirected,374,NA,NA,2,p
ASV0310,ASV1379,Undirected,375,NA,NA,1.663315,p
ASV0310,ASV1591,Undirected,376,NA,NA,2,p
ASV0310,ASV1644,Undirected,377,NA,NA,1.670217,p
ASV0310,ASV1871,Undirected,378,NA,NA,1.991736,p
ASV0310,ASV1981,Undirected,379,NA,NA,1.991736,p
ASV0310,ASV2157,Undirected,380,NA,NA,2,p
ASV0317,ASV0654,Undirected,383,NA,NA,1.663315,p
ASV0317,ASV0667,Undirected,384,NA,NA,2,p
ASV0317,ASV0939,Undirected,385,NA,NA,1.670217,p
ASV0317,ASV1182,Undirected,386,NA,NA,2,p
ASV0317,ASV1486,Undirected,387,NA,NA,2,p
ASV0317,ASV1666,Undirected,388,NA,NA,2,p
ASV0317,ASV1760,Undirected,389,NA,NA,2,p
ASV0317,ASV1771,Undirected,390,NA,NA,2,p
ASV0317,ASV2000,Undirected,391,NA,NA,1.670217,p
ASV0317,ASV2086,Undirected,392,NA,NA,1.991736,p
ASV0325,ASV0530,Undirected,394,NA,NA,1.732086,p
ASV0325,ASV0575,Undirected,395,NA,NA,1.670708,p
ASV0325,ASV0604,Undirected,396,NA,NA,1.658656,p
ASV0325,ASV0610,Undirected,397,NA,NA,1.636552,p
ASV0325,ASV0884,Undirected,398,NA,NA,1.635982,p
ASV0325,ASV0941,Undirected,399,NA,NA,1.601649,p
ASV0325,ASV1118,Undirected,400,NA,NA,1.626314,p
ASV0325,ASV1121,Undirected,401,NA,NA,1.611954,p
ASV0325,ASV1144,Undirected,402,NA,NA,1.654427,p
ASV0325,ASV1391,Undirected,403,NA,NA,1.645097,p
ASV0325,ASV1657,Undirected,404,NA,NA,1.923315,p
ASV0330,ASV0555,Undirected,405,NA,NA,1.962649,p
ASV0330,ASV0558,Undirected,406,NA,NA,1.958121,p
ASV0330,ASV0575,Undirected,407,NA,NA,1.675067,p
ASV0330,ASV0600,Undirected,408,NA,NA,1.741148,p
ASV0330,ASV0604,Undirected,409,NA,NA,1.67894,p
ASV0330,ASV0761,Undirected,410,NA,NA,1.741148,p
ASV0330,ASV0807,Undirected,411,NA,NA,1.998868,p
ASV0330,ASV0812,Undirected,412,NA,NA,1.998868,p
ASV0330,ASV0972,Undirected,413,NA,NA,1.958121,p
ASV0330,ASV1071,Undirected,414,NA,NA,1.60178,p
ASV0330,ASV1391,Undirected,415,NA,NA,1.688623,p
ASV0330,ASV1647,Undirected,416,NA,NA,1.971704,p
ASV0330,ASV1923,Undirected,417,NA,NA,1.969422,p
ASV0347,ASV1019,Undirected,418,NA,NA,2,p
ASV0353,ASV0355,Undirected,419,NA,NA,1.991736,p
ASV0353,ASV0490,Undirected,420,NA,NA,1.670217,p
ASV0353,ASV0517,Undirected,421,NA,NA,2,p
ASV0353,ASV1106,Undirected,422,NA,NA,2,p
ASV0353,ASV1170,Undirected,423,NA,NA,1.991736,p
ASV0353,ASV1980,Undirected,424,NA,NA,1.670217,p
ASV0355,ASV0490,Undirected,426,NA,NA,1.663315,p
ASV0355,ASV0517,Undirected,427,NA,NA,1.991736,p
ASV0355,ASV1106,Undirected,428,NA,NA,1.991736,p
ASV0355,ASV1170,Undirected,429,NA,NA,2,p
ASV0355,ASV1980,Undirected,430,NA,NA,1.663315,p
ASV0358,ASV0397,Undirected,433,NA,NA,1.991736,p
ASV0358,ASV0621,Undirected,434,NA,NA,1.991736,p
ASV0358,ASV0794,Undirected,435,NA,NA,2,p
ASV0358,ASV0908,Undirected,436,NA,NA,2,p
ASV0358,ASV0924,Undirected,437,NA,NA,1.663315,p
ASV0358,ASV1068,Undirected,438,NA,NA,1.991736,p
ASV0358,ASV1402,Undirected,439,NA,NA,2,p
ASV0358,ASV1599,Undirected,440,NA,NA,1.991736,p
ASV0358,ASV1932,Undirected,441,NA,NA,1.991736,p
ASV0358,ASV1971,Undirected,442,NA,NA,1.991736,p
ASV0358,ASV2073,Undirected,443,NA,NA,2,p
ASV0358,ASV2091,Undirected,444,NA,NA,1.991736,p
ASV0360,ASV0413,Undirected,448,NA,NA,1.968326,p
ASV0360,ASV0415,Undirected,449,NA,NA,1.962649,p
ASV0360,ASV0490,Undirected,450,NA,NA,1.654623,p
ASV0360,ASV0491,Undirected,451,NA,NA,1.976231,p
ASV0360,ASV0521,Undirected,452,NA,NA,1.75676,p
ASV0360,ASV0523,Undirected,453,NA,NA,1.971704,p
ASV0360,ASV0777,Undirected,454,NA,NA,1.9819,p
ASV0360,ASV0829,Undirected,455,NA,NA,1.985286,p
ASV0360,ASV0857,Undirected,456,NA,NA,1.986425,p
ASV0360,ASV0873,Undirected,457,NA,NA,1.959276,p
ASV0360,ASV1023,Undirected,458,NA,NA,1.99095,p
ASV0360,ASV1131,Undirected,459,NA,NA,1.600598,p
ASV0360,ASV1218,Undirected,460,NA,NA,1.810044,p
ASV0360,ASV1264,Undirected,461,NA,NA,1.814186,p
ASV0360,ASV1297,Undirected,462,NA,NA,1.964913,p
ASV0360,ASV1298,Undirected,463,NA,NA,1.976231,p
ASV0360,ASV1321,Undirected,464,NA,NA,1.985286,p
ASV0360,ASV1548,Undirected,465,NA,NA,1.986425,p
ASV0360,ASV1596,Undirected,466,NA,NA,1.683797,p
ASV0360,ASV1718,Undirected,467,NA,NA,1.964913,p
ASV0360,ASV1754,Undirected,468,NA,NA,1.818328,p
ASV0360,ASV1830,Undirected,469,NA,NA,1.971704,p
ASV0360,ASV1907,Undirected,470,NA,NA,1.689066,p
ASV0360,ASV1927,Undirected,471,NA,NA,1.959276,p
ASV0360,ASV1937,Undirected,472,NA,NA,1.959276,p
ASV0360,ASV1967,Undirected,473,NA,NA,1.698751,p
ASV0360,ASV1980,Undirected,474,NA,NA,1.654623,p
ASV0360,ASV2031,Undirected,475,NA,NA,1.804686,p
ASV0360,ASV2064,Undirected,476,NA,NA,1.68643,p
ASV0360,ASV2068,Undirected,477,NA,NA,1.968326,p
ASV0360,ASV2103,Undirected,478,NA,NA,1.618954,p
ASV0360,ASV2120,Undirected,479,NA,NA,1.992077,p
ASV0360,ASV2151,Undirected,480,NA,NA,1.992077,p
ASV0369,ASV1146,Undirected,481,NA,NA,1.632217,p
ASV0369,ASV1351,Undirected,482,NA,NA,1.995475,p
ASV0369,ASV2060,Undirected,483,NA,NA,1.68643,p
ASV0377,ASV0610,Undirected,484,NA,NA,1.622187,p
ASV0377,ASV1149,Undirected,485,NA,NA,1.777948,p
ASV0389,ASV0832,Undirected,488,NA,NA,1.755679,p
ASV0389,ASV0833,Undirected,489,NA,NA,1.976821,p
ASV0389,ASV0872,Undirected,490,NA,NA,1.992547,p
ASV0389,ASV1145,Undirected,491,NA,NA,1.710892,p
ASV0389,ASV1146,Undirected,492,NA,NA,1.899793,p
ASV0389,ASV1431,Undirected,493,NA,NA,1.990052,p
ASV0389,ASV1483,Undirected,494,NA,NA,1.990066,p
ASV0389,ASV1766,Undirected,495,NA,NA,1.737466,p
ASV0389,ASV1890,Undirected,496,NA,NA,1.999172,p
ASV0389,ASV2005,Undirected,497,NA,NA,1.672184,p
ASV0389,ASV2060,Undirected,498,NA,NA,1.891512,p
ASV0389,ASV2187,Undirected,499,NA,NA,1.917219,p
ASV0397,ASV0621,Undirected,503,NA,NA,2,p
ASV0397,ASV0794,Undirected,504,NA,NA,1.991736,p
ASV0397,ASV0908,Undirected,505,NA,NA,1.991736,p
ASV0397,ASV0924,Undirected,506,NA,NA,1.670217,p
ASV0397,ASV1068,Undirected,507,NA,NA,2,p
ASV0397,ASV1402,Undirected,508,NA,NA,1.991736,p
ASV0397,ASV1599,Undirected,509,NA,NA,2,p
ASV0397,ASV1932,Undirected,510,NA,NA,2,p
ASV0397,ASV1971,Undirected,511,NA,NA,2,p
ASV0397,ASV2073,Undirected,512,NA,NA,1.991736,p
ASV0397,ASV2091,Undirected,513,NA,NA,2,p
ASV0410,ASV1149,Undirected,514,NA,NA,1.710619,p
ASV0413,ASV0415,Undirected,519,NA,NA,1.983022,p
ASV0413,ASV0490,Undirected,520,NA,NA,1.766974,p
ASV0413,ASV0491,Undirected,521,NA,NA,1.962649,p
ASV0413,ASV0523,Undirected,522,NA,NA,1.998868,p
ASV0413,ASV0777,Undirected,523,NA,NA,1.995475,p
ASV0413,ASV0829,Undirected,524,NA,NA,1.994341,p
ASV0413,ASV0857,Undirected,525,NA,NA,1.968326,p
ASV0413,ASV0873,Undirected,526,NA,NA,1.995475,p
ASV0413,ASV1023,Undirected,527,NA,NA,1.968326,p
ASV0413,ASV1131,Undirected,528,NA,NA,1.618954,p
ASV0413,ASV1218,Undirected,529,NA,NA,1.814186,p
ASV0413,ASV1264,Undirected,530,NA,NA,1.793476,p
ASV0413,ASV1276,Undirected,531,NA,NA,1.611612,p
ASV0413,ASV1297,Undirected,532,NA,NA,1.998868,p
ASV0413,ASV1298,Undirected,533,NA,NA,1.998868,p
ASV0413,ASV1321,Undirected,534,NA,NA,1.964913,p
ASV0413,ASV1548,Undirected,535,NA,NA,1.954751,p
ASV0413,ASV1596,Undirected,536,NA,NA,1.679926,p
ASV0413,ASV1718,Undirected,537,NA,NA,1.976231,p
ASV0413,ASV1754,Undirected,538,NA,NA,1.789334,p
ASV0413,ASV1830,Undirected,539,NA,NA,1.998868,p
ASV0413,ASV1907,Undirected,540,NA,NA,1.687129,p
ASV0413,ASV1927,Undirected,541,NA,NA,1.995475,p
ASV0413,ASV1937,Undirected,542,NA,NA,1.977376,p
ASV0413,ASV1967,Undirected,543,NA,NA,1.706499,p
ASV0413,ASV1980,Undirected,544,NA,NA,1.766974,p
ASV0413,ASV2031,Undirected,545,NA,NA,1.823334,p
ASV0413,ASV2064,Undirected,546,NA,NA,1.709665,p
ASV0413,ASV2068,Undirected,547,NA,NA,1.963801,p
ASV0413,ASV2103,Undirected,548,NA,NA,1.600598,p
ASV0413,ASV2120,Undirected,549,NA,NA,1.985286,p
ASV0413,ASV2151,Undirected,550,NA,NA,1.980759,p
ASV0415,ASV0490,Undirected,556,NA,NA,1.720709,p
ASV0415,ASV0491,Undirected,557,NA,NA,1.989807,p
ASV0415,ASV0521,Undirected,558,NA,NA,1.64534,p
ASV0415,ASV0523,Undirected,559,NA,NA,1.978482,p
ASV0415,ASV0777,Undirected,560,NA,NA,1.976231,p
ASV0415,ASV0804,Undirected,561,NA,NA,1.619555,p
ASV0415,ASV0829,Undirected,562,NA,NA,1.971687,p
ASV0415,ASV0857,Undirected,563,NA,NA,1.985286,p
ASV0415,ASV0873,Undirected,564,NA,NA,1.994341,p
ASV0415,ASV1023,Undirected,565,NA,NA,1.958121,p
ASV0415,ASV1218,Undirected,566,NA,NA,1.823501,p
ASV0415,ASV1264,Undirected,567,NA,NA,1.817285,p
ASV0415,ASV1276,Undirected,568,NA,NA,1.618034,p
ASV0415,ASV1297,Undirected,569,NA,NA,1.989807,p
ASV0415,ASV1298,Undirected,570,NA,NA,1.980747,p
ASV0415,ASV1321,Undirected,571,NA,NA,1.98641,p
ASV0415,ASV1548,Undirected,572,NA,NA,1.973967,p
ASV0415,ASV1596,Undirected,573,NA,NA,1.704115,p
ASV0415,ASV1718,Undirected,574,NA,NA,1.980747,p
ASV0415,ASV1754,Undirected,575,NA,NA,1.806924,p
ASV0415,ASV1830,Undirected,576,NA,NA,1.978482,p
ASV0415,ASV1907,Undirected,577,NA,NA,1.687115,p
ASV0415,ASV1927,Undirected,578,NA,NA,1.994341,p
ASV0415,ASV1937,Undirected,579,NA,NA,1.998868,p
ASV0415,ASV1967,Undirected,580,NA,NA,1.687115,p
ASV0415,ASV1980,Undirected,581,NA,NA,1.720709,p
ASV0415,ASV2031,Undirected,582,NA,NA,1.805708,p
ASV0415,ASV2064,Undirected,583,NA,NA,1.692228,p
ASV0415,ASV2068,Undirected,584,NA,NA,1.992077,p
ASV0415,ASV2103,Undirected,585,NA,NA,1.601504,p
ASV0415,ASV2120,Undirected,586,NA,NA,1.962627,p
ASV0415,ASV2151,Undirected,587,NA,NA,1.978482,p
ASV0420,ASV0527,Undirected,588,NA,NA,1.617447,p
ASV0420,ASV1379,Undirected,589,NA,NA,1.603423,p
ASV0420,ASV1644,Undirected,590,NA,NA,1.608098,p
ASV0442,ASV1218,Undirected,592,NA,NA,1.754629,p
ASV0442,ASV1264,Undirected,593,NA,NA,1.775897,p
ASV0442,ASV1596,Undirected,594,NA,NA,1.966046,p
ASV0442,ASV1861,Undirected,595,NA,NA,1.833197,p
ASV0442,ASV2082,Undirected,596,NA,NA,1.890615,p
ASV0442,ASV2103,Undirected,597,NA,NA,1.822987,p
ASV0452,ASV0473,Undirected,598,NA,NA,1.637889,p
ASV0452,ASV1766,Undirected,599,NA,NA,1.835777,p
ASV0473,ASV1522,Undirected,601,NA,NA,1.61339,p
ASV0486,ASV0917,Undirected,606,NA,NA,1.991736,p
ASV0486,ASV1491,Undirected,607,NA,NA,1.663315,p
ASV0486,ASV1653,Undirected,608,NA,NA,1.670217,p
ASV0486,ASV2084,Undirected,609,NA,NA,1.670217,p
ASV0490,ASV0491,Undirected,616,NA,NA,1.632566,p
ASV0490,ASV0517,Undirected,617,NA,NA,1.670217,p
ASV0490,ASV0523,Undirected,618,NA,NA,1.741148,p
ASV0490,ASV0777,Undirected,619,NA,NA,1.772081,p
ASV0490,ASV0829,Undirected,620,NA,NA,1.746258,p
ASV0490,ASV0857,Undirected,621,NA,NA,1.698032,p
ASV0490,ASV0873,Undirected,622,NA,NA,1.75676,p
ASV0490,ASV1106,Undirected,623,NA,NA,1.670217,p
ASV0490,ASV1170,Undirected,624,NA,NA,1.663315,p
ASV0490,ASV1218,Undirected,625,NA,NA,1.608098,p
ASV0490,ASV1297,Undirected,626,NA,NA,1.762865,p
ASV0490,ASV1298,Undirected,627,NA,NA,1.770529,p
ASV0490,ASV1321,Undirected,628,NA,NA,1.667057,p
ASV0490,ASV1718,Undirected,629,NA,NA,1.61085,p
ASV0490,ASV1830,Undirected,630,NA,NA,1.741148,p
ASV0490,ASV1927,Undirected,631,NA,NA,1.75676,p
ASV0490,ASV1937,Undirected,632,NA,NA,1.687818,p
ASV0490,ASV1980,Undirected,633,NA,NA,2,p
ASV0490,ASV2068,Undirected,634,NA,NA,1.629089,p
ASV0490,ASV2120,Undirected,635,NA,NA,1.690051,p
ASV0490,ASV2151,Undirected,636,NA,NA,1.738593,p
ASV0491,ASV0521,Undirected,644,NA,NA,1.741148,p
ASV0491,ASV0523,Undirected,645,NA,NA,1.961495,p
ASV0491,ASV0777,Undirected,646,NA,NA,1.962649,p
ASV0491,ASV0804,Undirected,647,NA,NA,1.619555,p
ASV0491,ASV0829,Undirected,648,NA,NA,1.961495,p
ASV0491,ASV0857,Undirected,649,NA,NA,1.992077,p
ASV0491,ASV0873,Undirected,650,NA,NA,1.973967,p
ASV0491,ASV1023,Undirected,651,NA,NA,1.971704,p
ASV0491,ASV1218,Undirected,652,NA,NA,1.817285,p
ASV0491,ASV1264,Undirected,653,NA,NA,1.829718,p
ASV0491,ASV1276,Undirected,654,NA,NA,1.607014,p
ASV0491,ASV1297,Undirected,655,NA,NA,1.969422,p
ASV0491,ASV1298,Undirected,656,NA,NA,1.96376,p
ASV0491,ASV1321,Undirected,657,NA,NA,1.996603,p
ASV0491,ASV1548,Undirected,658,NA,NA,1.994341,p
ASV0491,ASV1596,Undirected,659,NA,NA,1.709924,p
ASV0491,ASV1718,Undirected,660,NA,NA,1.980747,p
ASV0491,ASV1754,Undirected,661,NA,NA,1.825573,p
ASV0491,ASV1830,Undirected,662,NA,NA,1.961495,p
ASV0491,ASV1907,Undirected,663,NA,NA,1.69293,p
ASV0491,ASV1927,Undirected,664,NA,NA,1.973967,p
ASV0491,ASV1937,Undirected,665,NA,NA,1.992077,p
ASV0491,ASV1967,Undirected,666,NA,NA,1.678394,p
ASV0491,ASV1980,Undirected,667,NA,NA,1.632566,p
ASV0491,ASV2031,Undirected,668,NA,NA,1.796379,p
ASV0491,ASV2064,Undirected,669,NA,NA,1.677698,p
ASV0491,ASV2068,Undirected,670,NA,NA,1.998868,p
ASV0491,ASV2103,Undirected,671,NA,NA,1.607014,p
ASV0491,ASV2120,Undirected,672,NA,NA,1.962627,p
ASV0491,ASV2151,Undirected,673,NA,NA,1.978482,p
ASV0492,ASV0508,Undirected,676,NA,NA,2,p
ASV0492,ASV0600,Undirected,677,NA,NA,1.670217,p
ASV0492,ASV0761,Undirected,678,NA,NA,1.670217,p
ASV0492,ASV0768,Undirected,679,NA,NA,2,p
ASV0492,ASV0949,Undirected,680,NA,NA,2,p
ASV0492,ASV0993,Undirected,681,NA,NA,1.991736,p
ASV0492,ASV1607,Undirected,682,NA,NA,2,p
ASV0492,ASV1612,Undirected,683,NA,NA,2,p
ASV0492,ASV1632,Undirected,684,NA,NA,1.991736,p
ASV0492,ASV1651,Undirected,685,NA,NA,2,p
ASV0492,ASV1921,Undirected,686,NA,NA,1.991736,p
ASV0492,ASV1998,Undirected,687,NA,NA,1.663315,p
ASV0492,ASV2055,Undirected,688,NA,NA,1.991736,p
ASV0492,ASV2115,Undirected,689,NA,NA,1.663315,p
ASV0493,ASV1597,Undirected,690,NA,NA,1.765094,p
ASV0493,ASV1754,Undirected,691,NA,NA,1.600948,p
ASV0497,ASV0610,Undirected,694,NA,NA,1.842159,p
ASV0497,ASV0669,Undirected,695,NA,NA,1.761855,p
ASV0497,ASV0849,Undirected,696,NA,NA,1.803409,p
ASV0497,ASV0941,Undirected,697,NA,NA,1.735029,p
ASV0497,ASV1112,Undirected,698,NA,NA,1.628315,p
ASV0497,ASV1222,Undirected,699,NA,NA,1.724691,p
ASV0497,ASV1341,Undirected,700,NA,NA,1.692616,p
ASV0497,ASV1367,Undirected,701,NA,NA,1.627845,p
ASV0497,ASV1870,Undirected,702,NA,NA,1.697129,p
ASV0497,ASV2035,Undirected,703,NA,NA,1.713679,p
ASV0503,ASV1309,Undirected,704,NA,NA,1.670217,p
ASV0503,ASV1652,Undirected,705,NA,NA,1.663315,p
ASV0508,ASV0600,Undirected,709,NA,NA,1.670217,p
ASV0508,ASV0761,Undirected,710,NA,NA,1.670217,p
ASV0508,ASV0768,Undirected,711,NA,NA,2,p
ASV0508,ASV0949,Undirected,712,NA,NA,2,p
ASV0508,ASV0993,Undirected,713,NA,NA,1.991736,p
ASV0508,ASV1607,Undirected,714,NA,NA,2,p
ASV0508,ASV1612,Undirected,715,NA,NA,2,p
ASV0508,ASV1632,Undirected,716,NA,NA,1.991736,p
ASV0508,ASV1651,Undirected,717,NA,NA,2,p
ASV0508,ASV1921,Undirected,718,NA,NA,1.991736,p
ASV0508,ASV1998,Undirected,719,NA,NA,1.663315,p
ASV0508,ASV2055,Undirected,720,NA,NA,1.991736,p
ASV0508,ASV2115,Undirected,721,NA,NA,1.663315,p
ASV0517,ASV1106,Undirected,725,NA,NA,2,p
ASV0517,ASV1170,Undirected,726,NA,NA,1.991736,p
ASV0517,ASV1980,Undirected,727,NA,NA,1.670217,p
ASV0521,ASV0777,Undirected,735,NA,NA,1.629089,p
ASV0521,ASV0829,Undirected,736,NA,NA,1.632566,p
ASV0521,ASV0834,Undirected,737,NA,NA,1.663315,p
ASV0521,ASV0857,Undirected,738,NA,NA,1.75676,p
ASV0521,ASV1023,Undirected,739,NA,NA,1.708245,p
ASV0521,ASV1264,Undirected,740,NA,NA,1.617447,p
ASV0521,ASV1298,Undirected,741,NA,NA,1.603185,p
ASV0521,ASV1304,Undirected,742,NA,NA,1.663315,p
ASV0521,ASV1321,Undirected,743,NA,NA,1.762865,p
ASV0521,ASV1327,Undirected,744,NA,NA,1.670217,p
ASV0521,ASV1548,Undirected,745,NA,NA,1.772081,p
ASV0521,ASV1557,Undirected,746,NA,NA,1.670217,p
ASV0521,ASV1718,Undirected,747,NA,NA,1.628734,p
ASV0521,ASV1754,Undirected,748,NA,NA,1.622122,p
ASV0521,ASV1803,Undirected,749,NA,NA,1.670217,p
ASV0521,ASV1937,Undirected,750,NA,NA,1.649516,p
ASV0521,ASV2068,Undirected,751,NA,NA,1.713352,p
ASV0521,ASV2120,Undirected,752,NA,NA,1.667057,p
ASV0521,ASV2151,Undirected,753,NA,NA,1.720709,p
ASV0523,ASV0777,Undirected,762,NA,NA,1.994341,p
ASV0523,ASV0829,Undirected,763,NA,NA,1.99547,p
ASV0523,ASV0857,Undirected,764,NA,NA,1.964913,p
ASV0523,ASV0873,Undirected,765,NA,NA,1.992077,p
ASV0523,ASV1023,Undirected,766,NA,NA,1.976231,p
ASV0523,ASV1131,Undirected,767,NA,NA,1.621707,p
ASV0523,ASV1218,Undirected,768,NA,NA,1.808996,p
ASV0523,ASV1264,Undirected,769,NA,NA,1.792419,p
ASV0523,ASV1276,Undirected,770,NA,NA,1.610687,p
ASV0523,ASV1297,Undirected,771,NA,NA,1.996603,p
ASV0523,ASV1298,Undirected,772,NA,NA,1.997735,p
ASV0523,ASV1321,Undirected,773,NA,NA,1.962627,p
ASV0523,ASV1548,Undirected,774,NA,NA,1.958121,p
ASV0523,ASV1596,Undirected,775,NA,NA,1.67894,p
ASV0523,ASV1718,Undirected,776,NA,NA,1.980747,p
ASV0523,ASV1754,Undirected,777,NA,NA,1.792419,p
ASV0523,ASV1830,Undirected,778,NA,NA,2,p
ASV0523,ASV1907,Undirected,779,NA,NA,1.69293,p
ASV0523,ASV1927,Undirected,780,NA,NA,1.992077,p
ASV0523,ASV1937,Undirected,781,NA,NA,1.973967,p
ASV0523,ASV1967,Undirected,782,NA,NA,1.707465,p
ASV0523,ASV1980,Undirected,783,NA,NA,1.741148,p
ASV0523,ASV2031,Undirected,784,NA,NA,1.827476,p
ASV0523,ASV2064,Undirected,785,NA,NA,1.710632,p
ASV0523,ASV2068,Undirected,786,NA,NA,1.962649,p
ASV0523,ASV2120,Undirected,787,NA,NA,1.989807,p
ASV0523,ASV2151,Undirected,788,NA,NA,1.978482,p
ASV0527,ASV1231,Undirected,791,NA,NA,1.766974,p
ASV0527,ASV1379,Undirected,792,NA,NA,1.982709,p
ASV0527,ASV1644,Undirected,793,NA,NA,1.994236,p
ASV0530,ASV0552,Undirected,796,NA,NA,1.614442,p
ASV0530,ASV0604,Undirected,797,NA,NA,1.614042,p
ASV0530,ASV0610,Undirected,798,NA,NA,1.628633,p
ASV0530,ASV0849,Undirected,799,NA,NA,1.724493,p
ASV0530,ASV0884,Undirected,800,NA,NA,1.610563,p
ASV0530,ASV0941,Undirected,801,NA,NA,1.75562,p
ASV0530,ASV1121,Undirected,802,NA,NA,1.625097,p
ASV0530,ASV1144,Undirected,803,NA,NA,1.677093,p
ASV0530,ASV1222,Undirected,804,NA,NA,1.607294,p
ASV0530,ASV1391,Undirected,805,NA,NA,1.625097,p
ASV0530,ASV1534,Undirected,806,NA,NA,1.671786,p
ASV0530,ASV1657,Undirected,807,NA,NA,1.701417,p
ASV0530,ASV1714,Undirected,808,NA,NA,1.616806,p
ASV0535,ASV0668,Undirected,810,NA,NA,1.991736,p
ASV0547,ASV1212,Undirected,811,NA,NA,2,p
ASV0547,ASV1323,Undirected,812,NA,NA,2,p
ASV0547,ASV1638,Undirected,813,NA,NA,2,p
ASV0547,ASV1953,Undirected,814,NA,NA,2,p
ASV0550,ASV0638,Undirected,816,NA,NA,1.991736,p
ASV0550,ASV1015,Undirected,817,NA,NA,2,p
ASV0550,ASV1375,Undirected,818,NA,NA,2,p
ASV0550,ASV1379,Undirected,819,NA,NA,1.663315,p
ASV0550,ASV1591,Undirected,820,NA,NA,2,p
ASV0550,ASV1644,Undirected,821,NA,NA,1.670217,p
ASV0550,ASV1871,Undirected,822,NA,NA,1.991736,p
ASV0550,ASV1981,Undirected,823,NA,NA,1.991736,p
ASV0550,ASV2157,Undirected,824,NA,NA,2,p
ASV0552,ASV0575,Undirected,826,NA,NA,1.659224,p
ASV0552,ASV0604,Undirected,827,NA,NA,1.654703,p
ASV0552,ASV0776,Undirected,828,NA,NA,1.721189,p
ASV0552,ASV0884,Undirected,829,NA,NA,1.639558,p
ASV0552,ASV1118,Undirected,830,NA,NA,1.672744,p
ASV0552,ASV1121,Undirected,831,NA,NA,1.659224,p
ASV0552,ASV1391,Undirected,832,NA,NA,1.644154,p
ASV0552,ASV1714,Undirected,833,NA,NA,1.624563,p
ASV0552,ASV1746,Undirected,834,NA,NA,1.660393,p
ASV0555,ASV0558,Undirected,836,NA,NA,1.99095,p
ASV0555,ASV0575,Undirected,837,NA,NA,1.703151,p
ASV0555,ASV0600,Undirected,838,NA,NA,1.629089,p
ASV0555,ASV0604,Undirected,839,NA,NA,1.707021,p
ASV0555,ASV0761,Undirected,840,NA,NA,1.629089,p
ASV0555,ASV0807,Undirected,841,NA,NA,1.959276,p
ASV0555,ASV0812,Undirected,842,NA,NA,1.963801,p
ASV0555,ASV0972,Undirected,843,NA,NA,1.995475,p
ASV0555,ASV1071,Undirected,844,NA,NA,1.636081,p
ASV0555,ASV1391,Undirected,845,NA,NA,1.707021,p
ASV0555,ASV1647,Undirected,846,NA,NA,1.968326,p
ASV0555,ASV1923,Undirected,847,NA,NA,1.992077,p
ASV0558,ASV0575,Undirected,850,NA,NA,1.710892,p
ASV0558,ASV0604,Undirected,851,NA,NA,1.707021,p
ASV0558,ASV0807,Undirected,852,NA,NA,1.959276,p
ASV0558,ASV0812,Undirected,853,NA,NA,1.954751,p
ASV0558,ASV0972,Undirected,854,NA,NA,1.995475,p
ASV0558,ASV1071,Undirected,855,NA,NA,1.636081,p
ASV0558,ASV1391,Undirected,856,NA,NA,1.691538,p
ASV0558,ASV1647,Undirected,857,NA,NA,1.986425,p
ASV0558,ASV1923,Undirected,858,NA,NA,1.992077,p
ASV0575,ASV0604,Undirected,864,NA,NA,1.993377,p
ASV0575,ASV0610,Undirected,865,NA,NA,1.636829,p
ASV0575,ASV0776,Undirected,866,NA,NA,1.671213,p
ASV0575,ASV0807,Undirected,867,NA,NA,1.676055,p
ASV0575,ASV0812,Undirected,868,NA,NA,1.672184,p
ASV0575,ASV0884,Undirected,869,NA,NA,1.971015,p
ASV0575,ASV0972,Undirected,870,NA,NA,1.707021,p
ASV0575,ASV1118,Undirected,871,NA,NA,1.640261,p
ASV0575,ASV1121,Undirected,872,NA,NA,1.966887,p
ASV0575,ASV1248,Undirected,873,NA,NA,1.635347,p
ASV0575,ASV1391,Undirected,874,NA,NA,1.980132,p
ASV0575,ASV1454,Undirected,875,NA,NA,1.744526,p
ASV0575,ASV1647,Undirected,876,NA,NA,1.69928,p
ASV0575,ASV1658,Undirected,877,NA,NA,1.664438,p
ASV0575,ASV1714,Undirected,878,NA,NA,1.940397,p
ASV0575,ASV1905,Undirected,879,NA,NA,1.745872,p
ASV0575,ASV1923,Undirected,880,NA,NA,1.704115,p
ASV0575,ASV2019,Undirected,881,NA,NA,1.708706,p
ASV0600,ASV0761,Undirected,888,NA,NA,2,p
ASV0600,ASV0768,Undirected,889,NA,NA,1.670217,p
ASV0600,ASV0807,Undirected,890,NA,NA,1.713352,p
ASV0600,ASV0812,Undirected,891,NA,NA,1.766974,p
ASV0600,ASV0949,Undirected,892,NA,NA,1.670217,p
ASV0600,ASV0972,Undirected,893,NA,NA,1.634196,p
ASV0600,ASV0993,Undirected,894,NA,NA,1.663315,p
ASV0600,ASV1607,Undirected,895,NA,NA,1.670217,p
ASV0600,ASV1612,Undirected,896,NA,NA,1.670217,p
ASV0600,ASV1632,Undirected,897,NA,NA,1.663315,p
ASV0600,ASV1647,Undirected,898,NA,NA,1.654623,p
ASV0600,ASV1651,Undirected,899,NA,NA,1.670217,p
ASV0600,ASV1921,Undirected,900,NA,NA,1.663315,p
ASV0600,ASV2055,Undirected,901,NA,NA,1.663315,p
ASV0604,ASV0610,Undirected,909,NA,NA,1.626298,p
ASV0604,ASV0776,Undirected,910,NA,NA,1.679718,p
ASV0604,ASV0807,Undirected,911,NA,NA,1.679926,p
ASV0604,ASV0812,Undirected,912,NA,NA,1.676055,p
ASV0604,ASV0884,Undirected,913,NA,NA,1.972671,p
ASV0604,ASV0972,Undirected,914,NA,NA,1.703151,p
ASV0604,ASV1118,Undirected,915,NA,NA,1.640261,p
ASV0604,ASV1121,Undirected,916,NA,NA,1.980132,p
ASV0604,ASV1248,Undirected,917,NA,NA,1.64089,p
ASV0604,ASV1391,Undirected,918,NA,NA,1.990066,p
ASV0604,ASV1454,Undirected,919,NA,NA,1.730968,p
ASV0604,ASV1647,Undirected,920,NA,NA,1.687667,p
ASV0604,ASV1658,Undirected,921,NA,NA,1.662984,p
ASV0604,ASV1714,Undirected,922,NA,NA,1.94702,p
ASV0604,ASV1905,Undirected,923,NA,NA,1.786639,p
ASV0604,ASV1923,Undirected,924,NA,NA,1.709924,p
ASV0604,ASV2019,Undirected,925,NA,NA,1.695157,p
ASV0606,ASV0849,Undirected,926,NA,NA,1.673979,p
ASV0606,ASV0955,Undirected,927,NA,NA,1.683571,p
ASV0610,ASV0669,Undirected,937,NA,NA,1.73276,p
ASV0610,ASV0849,Undirected,938,NA,NA,1.84701,p
ASV0610,ASV0941,Undirected,939,NA,NA,1.71366,p
ASV0610,ASV0955,Undirected,940,NA,NA,1.664615,p
ASV0610,ASV1112,Undirected,941,NA,NA,1.645677,p
ASV0610,ASV1144,Undirected,942,NA,NA,1.662205,p
ASV0610,ASV1222,Undirected,943,NA,NA,1.65224,p
ASV0610,ASV1248,Undirected,944,NA,NA,1.660425,p
ASV0610,ASV1391,Undirected,945,NA,NA,1.605236,p
ASV0610,ASV2019,Undirected,946,NA,NA,1.665527,p
ASV0614,ASV1604,Undirected,947,NA,NA,1.829059,p
ASV0615,ASV0924,Undirected,949,NA,NA,1.639303,p
ASV0621,ASV0794,Undirected,954,NA,NA,1.991736,p
ASV0621,ASV0908,Undirected,955,NA,NA,1.991736,p
ASV0621,ASV0924,Undirected,956,NA,NA,1.670217,p
ASV0621,ASV1068,Undirected,957,NA,NA,2,p
ASV0621,ASV1402,Undirected,958,NA,NA,1.991736,p
ASV0621,ASV1599,Undirected,959,NA,NA,2,p
ASV0621,ASV1932,Undirected,960,NA,NA,2,p
ASV0621,ASV1971,Undirected,961,NA,NA,2,p
ASV0621,ASV2073,Undirected,962,NA,NA,1.991736,p
ASV0621,ASV2091,Undirected,963,NA,NA,2,p
ASV0638,ASV1015,Undirected,966,NA,NA,1.991736,p
ASV0638,ASV1375,Undirected,967,NA,NA,1.991736,p
ASV0638,ASV1379,Undirected,968,NA,NA,1.670217,p
ASV0638,ASV1591,Undirected,969,NA,NA,1.991736,p
ASV0638,ASV1644,Undirected,970,NA,NA,1.663315,p
ASV0638,ASV1871,Undirected,971,NA,NA,2,p
ASV0638,ASV1981,Undirected,972,NA,NA,2,p
ASV0638,ASV2157,Undirected,973,NA,NA,1.991736,p
ASV0654,ASV0667,Undirected,981,NA,NA,1.663315,p
ASV0654,ASV0939,Undirected,982,NA,NA,1.994236,p
ASV0654,ASV1182,Undirected,983,NA,NA,1.663315,p
ASV0654,ASV1309,Undirected,984,NA,NA,1.982709,p
ASV0654,ASV1486,Undirected,985,NA,NA,1.663315,p
ASV0654,ASV1491,Undirected,986,NA,NA,1.994236,p
ASV0654,ASV1652,Undirected,987,NA,NA,1.976945,p
ASV0654,ASV1653,Undirected,988,NA,NA,1.982709,p
ASV0654,ASV1666,Undirected,989,NA,NA,1.663315,p
ASV0654,ASV1760,Undirected,990,NA,NA,1.663315,p
ASV0654,ASV1771,Undirected,991,NA,NA,1.663315,p
ASV0654,ASV2000,Undirected,992,NA,NA,1.994236,p
ASV0654,ASV2084,Undirected,993,NA,NA,1.982709,p
ASV0654,ASV2086,Undirected,994,NA,NA,1.670217,p
ASV0667,ASV0939,Undirected,999,NA,NA,1.670217,p
ASV0667,ASV1182,Undirected,1000,NA,NA,2,p
ASV0667,ASV1486,Undirected,1001,NA,NA,2,p
ASV0667,ASV1666,Undirected,1002,NA,NA,2,p
ASV0667,ASV1760,Undirected,1003,NA,NA,2,p
ASV0667,ASV1771,Undirected,1004,NA,NA,2,p
ASV0667,ASV2000,Undirected,1005,NA,NA,1.670217,p
ASV0667,ASV2086,Undirected,1006,NA,NA,1.991736,p
ASV0669,ASV1248,Undirected,1011,NA,NA,1.752033,p
ASV0669,ASV1870,Undirected,1012,NA,NA,1.665316,p
ASV0669,ASV2035,Undirected,1013,NA,NA,1.686639,p
ASV0717,ASV1152,Undirected,1015,NA,NA,1.681532,p
ASV0761,ASV0768,Undirected,1023,NA,NA,1.670217,p
ASV0761,ASV0807,Undirected,1024,NA,NA,1.713352,p
ASV0761,ASV0812,Undirected,1025,NA,NA,1.766974,p
ASV0761,ASV0949,Undirected,1026,NA,NA,1.670217,p
ASV0761,ASV0972,Undirected,1027,NA,NA,1.634196,p
ASV0761,ASV0993,Undirected,1028,NA,NA,1.663315,p
ASV0761,ASV1607,Undirected,1029,NA,NA,1.670217,p
ASV0761,ASV1612,Undirected,1030,NA,NA,1.670217,p
ASV0761,ASV1632,Undirected,1031,NA,NA,1.663315,p
ASV0761,ASV1647,Undirected,1032,NA,NA,1.654623,p
ASV0761,ASV1651,Undirected,1033,NA,NA,1.670217,p
ASV0761,ASV1921,Undirected,1034,NA,NA,1.663315,p
ASV0761,ASV2055,Undirected,1035,NA,NA,1.663315,p
ASV0768,ASV0949,Undirected,1042,NA,NA,2,p
ASV0768,ASV0993,Undirected,1043,NA,NA,1.991736,p
ASV0768,ASV1607,Undirected,1044,NA,NA,2,p
ASV0768,ASV1612,Undirected,1045,NA,NA,2,p
ASV0768,ASV1632,Undirected,1046,NA,NA,1.991736,p
ASV0768,ASV1651,Undirected,1047,NA,NA,2,p
ASV0768,ASV1921,Undirected,1048,NA,NA,1.991736,p
ASV0768,ASV1998,Undirected,1049,NA,NA,1.663315,p
ASV0768,ASV2055,Undirected,1050,NA,NA,1.991736,p
ASV0768,ASV2115,Undirected,1051,NA,NA,1.663315,p
ASV0776,ASV0884,Undirected,1056,NA,NA,1.652761,p
ASV0776,ASV0941,Undirected,1057,NA,NA,1.633531,p
ASV0776,ASV1118,Undirected,1058,NA,NA,1.6833,p
ASV0776,ASV1121,Undirected,1059,NA,NA,1.649951,p
ASV0776,ASV1391,Undirected,1060,NA,NA,1.675465,p
ASV0776,ASV1658,Undirected,1061,NA,NA,1.697584,p
ASV0776,ASV1714,Undirected,1062,NA,NA,1.641446,p
ASV0776,ASV1746,Undirected,1063,NA,NA,1.753637,p
ASV0776,ASV2019,Undirected,1064,NA,NA,1.804489,p
ASV0777,ASV0829,Undirected,1075,NA,NA,1.998868,p
ASV0777,ASV0857,Undirected,1076,NA,NA,1.977376,p
ASV0777,ASV0873,Undirected,1077,NA,NA,1.986425,p
ASV0777,ASV1023,Undirected,1078,NA,NA,1.972851,p
ASV0777,ASV1131,Undirected,1079,NA,NA,1.615283,p
ASV0777,ASV1218,Undirected,1080,NA,NA,1.818328,p
ASV0777,ASV1264,Undirected,1081,NA,NA,1.797618,p
ASV0777,ASV1276,Undirected,1082,NA,NA,1.600598,p
ASV0777,ASV1297,Undirected,1083,NA,NA,1.992077,p
ASV0777,ASV1298,Undirected,1084,NA,NA,1.998868,p
ASV0777,ASV1321,Undirected,1085,NA,NA,1.971704,p
ASV0777,ASV1548,Undirected,1086,NA,NA,1.959276,p
ASV0777,ASV1596,Undirected,1087,NA,NA,1.676055,p
ASV0777,ASV1718,Undirected,1088,NA,NA,1.964913,p
ASV0777,ASV1754,Undirected,1089,NA,NA,1.793476,p
ASV0777,ASV1830,Undirected,1090,NA,NA,1.994341,p
ASV0777,ASV1907,Undirected,1091,NA,NA,1.681318,p
ASV0777,ASV1927,Undirected,1092,NA,NA,1.986425,p
ASV0777,ASV1937,Undirected,1093,NA,NA,1.968326,p
ASV0777,ASV1967,Undirected,1094,NA,NA,1.710373,p
ASV0777,ASV1980,Undirected,1095,NA,NA,1.772081,p
ASV0777,ASV2031,Undirected,1096,NA,NA,1.817118,p
ASV0777,ASV2064,Undirected,1097,NA,NA,1.705792,p
ASV0777,ASV2068,Undirected,1098,NA,NA,1.959276,p
ASV0777,ASV2103,Undirected,1099,NA,NA,1.611612,p
ASV0777,ASV2120,Undirected,1100,NA,NA,1.992077,p
ASV0777,ASV2151,Undirected,1101,NA,NA,1.992077,p
ASV0794,ASV0908,Undirected,1107,NA,NA,2,p
ASV0794,ASV0924,Undirected,1108,NA,NA,1.663315,p
ASV0794,ASV1068,Undirected,1109,NA,NA,1.991736,p
ASV0794,ASV1402,Undirected,1110,NA,NA,2,p
ASV0794,ASV1599,Undirected,1111,NA,NA,1.991736,p
ASV0794,ASV1932,Undirected,1112,NA,NA,1.991736,p
ASV0794,ASV1971,Undirected,1113,NA,NA,1.991736,p
ASV0794,ASV2073,Undirected,1114,NA,NA,2,p
ASV0794,ASV2091,Undirected,1115,NA,NA,1.991736,p
ASV0799,ASV1101,Undirected,1117,NA,NA,1.670217,p
ASV0799,ASV1171,Undirected,1118,NA,NA,1.663315,p
ASV0799,ASV1399,Undirected,1119,NA,NA,2,p
ASV0799,ASV1543,Undirected,1120,NA,NA,2,p
ASV0799,ASV1733,Undirected,1121,NA,NA,1.991736,p
ASV0799,ASV2165,Undirected,1122,NA,NA,1.991736,p
ASV0799,ASV2193,Undirected,1123,NA,NA,2,p
ASV0804,ASV0857,Undirected,1129,NA,NA,1.610376,p
ASV0804,ASV0873,Undirected,1130,NA,NA,1.610376,p
ASV0804,ASV1114,Undirected,1131,NA,NA,1.781237,p
ASV0804,ASV1131,Undirected,1132,NA,NA,1.688641,p
ASV0804,ASV1297,Undirected,1133,NA,NA,1.605775,p
ASV0804,ASV1321,Undirected,1134,NA,NA,1.614043,p
ASV0804,ASV1548,Undirected,1135,NA,NA,1.610376,p
ASV0804,ASV1718,Undirected,1136,NA,NA,1.611287,p
ASV0804,ASV1927,Undirected,1137,NA,NA,1.610376,p
ASV0804,ASV1937,Undirected,1138,NA,NA,1.621393,p
ASV0804,ASV2068,Undirected,1139,NA,NA,1.621393,p
ASV0804,ASV2082,Undirected,1140,NA,NA,1.638124,p
ASV0804,ASV2151,Undirected,1141,NA,NA,1.600264,p
ASV0807,ASV0812,Undirected,1149,NA,NA,1.995475,p
ASV0807,ASV0972,Undirected,1150,NA,NA,1.954751,p
ASV0807,ASV1391,Undirected,1151,NA,NA,1.683797,p
ASV0807,ASV1647,Undirected,1152,NA,NA,1.972851,p
ASV0807,ASV1923,Undirected,1153,NA,NA,1.971704,p
ASV0812,ASV0972,Undirected,1162,NA,NA,1.959276,p
ASV0812,ASV1071,Undirected,1163,NA,NA,1.602945,p
ASV0812,ASV1391,Undirected,1164,NA,NA,1.691538,p
ASV0812,ASV1647,Undirected,1165,NA,NA,1.968326,p
ASV0812,ASV1923,Undirected,1166,NA,NA,1.964913,p
ASV0815,ASV0941,Undirected,1167,NA,NA,1.645264,p
ASV0815,ASV0955,Undirected,1168,NA,NA,1.631761,p
ASV0829,ASV0857,Undirected,1180,NA,NA,1.973967,p
ASV0829,ASV0873,Undirected,1181,NA,NA,1.983022,p
ASV0829,ASV1023,Undirected,1182,NA,NA,1.980759,p
ASV0829,ASV1131,Undirected,1183,NA,NA,1.618034,p
ASV0829,ASV1218,Undirected,1184,NA,NA,1.813141,p
ASV0829,ASV1264,Undirected,1185,NA,NA,1.796563,p
ASV0829,ASV1297,Undirected,1186,NA,NA,1.989807,p
ASV0829,ASV1298,Undirected,1187,NA,NA,1.997735,p
ASV0829,ASV1321,Undirected,1188,NA,NA,1.969422,p
ASV0829,ASV1548,Undirected,1189,NA,NA,1.962649,p
ASV0829,ASV1596,Undirected,1190,NA,NA,1.675067,p
ASV0829,ASV1718,Undirected,1191,NA,NA,1.969422,p
ASV0829,ASV1754,Undirected,1192,NA,NA,1.796563,p
ASV0829,ASV1830,Undirected,1193,NA,NA,1.99547,p
ASV0829,ASV1907,Undirected,1194,NA,NA,1.687115,p
ASV0829,ASV1927,Undirected,1195,NA,NA,1.983022,p
ASV0829,ASV1937,Undirected,1196,NA,NA,1.964913,p
ASV0829,ASV1967,Undirected,1197,NA,NA,1.711342,p
ASV0829,ASV1980,Undirected,1198,NA,NA,1.746258,p
ASV0829,ASV2031,Undirected,1199,NA,NA,1.821256,p
ASV0829,ASV2064,Undirected,1200,NA,NA,1.706758,p
ASV0829,ASV2068,Undirected,1201,NA,NA,1.958121,p
ASV0829,ASV2103,Undirected,1202,NA,NA,1.610687,p
ASV0829,ASV2120,Undirected,1203,NA,NA,1.996603,p
ASV0829,ASV2151,Undirected,1204,NA,NA,1.989807,p
ASV0832,ASV0833,Undirected,1206,NA,NA,1.713555,p
ASV0832,ASV0872,Undirected,1207,NA,NA,1.741356,p
ASV0832,ASV1146,Undirected,1208,NA,NA,1.757159,p
ASV0832,ASV1431,Undirected,1209,NA,NA,1.7601,p
ASV0832,ASV1483,Undirected,1210,NA,NA,1.739131,p
ASV0832,ASV1766,Undirected,1211,NA,NA,1.680447,p
ASV0832,ASV1890,Undirected,1212,NA,NA,1.754902,p
ASV0832,ASV2060,Undirected,1213,NA,NA,1.748129,p
ASV0832,ASV2187,Undirected,1214,NA,NA,1.791786,p
ASV0833,ASV0872,Undirected,1219,NA,NA,1.989234,p
ASV0833,ASV1145,Undirected,1220,NA,NA,1.683797,p
ASV0833,ASV1146,Undirected,1221,NA,NA,1.906418,p
ASV0833,ASV1431,Undirected,1222,NA,NA,1.973469,p
ASV0833,ASV1483,Undirected,1223,NA,NA,1.986755,p
ASV0833,ASV1766,Undirected,1224,NA,NA,1.749088,p
ASV0833,ASV1890,Undirected,1225,NA,NA,1.975984,p
ASV0833,ASV2005,Undirected,1226,NA,NA,1.69928,p
ASV0833,ASV2060,Undirected,1227,NA,NA,1.906418,p
ASV0833,ASV2187,Undirected,1228,NA,NA,1.89404,p
ASV0834,ASV1304,Undirected,1232,NA,NA,2,p
ASV0834,ASV1327,Undirected,1233,NA,NA,1.991736,p
ASV0834,ASV1557,Undirected,1234,NA,NA,1.991736,p
ASV0834,ASV1803,Undirected,1235,NA,NA,1.991736,p
ASV0849,ASV0941,Undirected,1242,NA,NA,1.801205,p
ASV0849,ASV0955,Undirected,1243,NA,NA,1.72041,p
ASV0849,ASV1144,Undirected,1244,NA,NA,1.743595,p
ASV0849,ASV1222,Undirected,1245,NA,NA,1.770303,p
ASV0849,ASV1248,Undirected,1246,NA,NA,1.669786,p
ASV0849,ASV1534,Undirected,1247,NA,NA,1.795287,p
ASV0849,ASV1917,Undirected,1248,NA,NA,1.799303,p
ASV0857,ASV0873,Undirected,1262,NA,NA,1.972851,p
ASV0857,ASV1023,Undirected,1263,NA,NA,1.968326,p
ASV0857,ASV1218,Undirected,1264,NA,NA,1.826612,p
ASV0857,ASV1264,Undirected,1265,NA,NA,1.826612,p
ASV0857,ASV1297,Undirected,1266,NA,NA,1.971704,p
ASV0857,ASV1298,Undirected,1267,NA,NA,1.973967,p
ASV0857,ASV1321,Undirected,1268,NA,NA,1.998868,p
ASV0857,ASV1548,Undirected,1269,NA,NA,1.986425,p
ASV0857,ASV1596,Undirected,1270,NA,NA,1.69928,p
ASV0857,ASV1718,Undirected,1271,NA,NA,1.962649,p
ASV0857,ASV1754,Undirected,1272,NA,NA,1.818328,p
ASV0857,ASV1830,Undirected,1273,NA,NA,1.964913,p
ASV0857,ASV1907,Undirected,1274,NA,NA,1.679381,p
ASV0857,ASV1927,Undirected,1275,NA,NA,1.972851,p
ASV0857,ASV1937,Undirected,1276,NA,NA,1.9819,p
ASV0857,ASV1967,Undirected,1277,NA,NA,1.689066,p
ASV0857,ASV1980,Undirected,1278,NA,NA,1.698032,p
ASV0857,ASV2031,Undirected,1279,NA,NA,1.792254,p
ASV0857,ASV2064,Undirected,1280,NA,NA,1.680622,p
ASV0857,ASV2068,Undirected,1281,NA,NA,1.986425,p
ASV0857,ASV2103,Undirected,1282,NA,NA,1.618954,p
ASV0857,ASV2120,Undirected,1283,NA,NA,1.971704,p
ASV0857,ASV2151,Undirected,1284,NA,NA,1.994341,p
ASV0872,ASV1145,Undirected,1290,NA,NA,1.703856,p
ASV0872,ASV1146,Undirected,1291,NA,NA,1.91135,p
ASV0872,ASV1431,Undirected,1292,NA,NA,1.994195,p
ASV0872,ASV1483,Undirected,1293,NA,NA,1.999172,p
ASV0872,ASV1766,Undirected,1294,NA,NA,1.751265,p
ASV0872,ASV1890,Undirected,1295,NA,NA,1.993372,p
ASV0872,ASV2005,Undirected,1296,NA,NA,1.680622,p
ASV0872,ASV2060,Undirected,1297,NA,NA,1.893952,p
ASV0872,ASV2187,Undirected,1298,NA,NA,1.913044,p
ASV0873,ASV1023,Undirected,1312,NA,NA,1.959276,p
ASV0873,ASV1131,Undirected,1313,NA,NA,1.611612,p
ASV0873,ASV1218,Undirected,1314,NA,NA,1.818328,p
ASV0873,ASV1264,Undirected,1315,NA,NA,1.80176,p
ASV0873,ASV1276,Undirected,1316,NA,NA,1.618954,p
ASV0873,ASV1297,Undirected,1317,NA,NA,1.998868,p
ASV0873,ASV1298,Undirected,1318,NA,NA,1.992077,p
ASV0873,ASV1321,Undirected,1319,NA,NA,1.971704,p
ASV0873,ASV1548,Undirected,1320,NA,NA,1.959276,p
ASV0873,ASV1596,Undirected,1321,NA,NA,1.691538,p
ASV0873,ASV1718,Undirected,1322,NA,NA,1.980759,p
ASV0873,ASV1754,Undirected,1323,NA,NA,1.793476,p
ASV0873,ASV1830,Undirected,1324,NA,NA,1.992077,p
ASV0873,ASV1907,Undirected,1325,NA,NA,1.687129,p
ASV0873,ASV1927,Undirected,1326,NA,NA,2,p
ASV0873,ASV1937,Undirected,1327,NA,NA,1.99095,p
ASV0873,ASV1967,Undirected,1328,NA,NA,1.696814,p
ASV0873,ASV1980,Undirected,1329,NA,NA,1.75676,p
ASV0873,ASV2031,Undirected,1330,NA,NA,1.817118,p
ASV0873,ASV2064,Undirected,1331,NA,NA,1.703856,p
ASV0873,ASV2068,Undirected,1332,NA,NA,1.977376,p
ASV0873,ASV2120,Undirected,1333,NA,NA,1.971704,p
ASV0873,ASV2151,Undirected,1334,NA,NA,1.976231,p
ASV0884,ASV1118,Undirected,1341,NA,NA,1.660278,p
ASV0884,ASV1121,Undirected,1342,NA,NA,1.980953,p
ASV0884,ASV1248,Undirected,1343,NA,NA,1.627705,p
ASV0884,ASV1391,Undirected,1344,NA,NA,1.951139,p
ASV0884,ASV1414,Undirected,1345,NA,NA,1.66126,p
ASV0884,ASV1454,Undirected,1346,NA,NA,1.706063,p
ASV0884,ASV1658,Undirected,1347,NA,NA,1.698575,p
ASV0884,ASV1714,Undirected,1348,NA,NA,1.99089,p
ASV0884,ASV1905,Undirected,1349,NA,NA,1.796245,p
ASV0884,ASV2019,Undirected,1350,NA,NA,1.686822,p
ASV0908,ASV0924,Undirected,1357,NA,NA,1.663315,p
ASV0908,ASV1068,Undirected,1358,NA,NA,1.991736,p
ASV0908,ASV1402,Undirected,1359,NA,NA,2,p
ASV0908,ASV1599,Undirected,1360,NA,NA,1.991736,p
ASV0908,ASV1932,Undirected,1361,NA,NA,1.991736,p
ASV0908,ASV1971,Undirected,1362,NA,NA,1.991736,p
ASV0908,ASV2073,Undirected,1363,NA,NA,2,p
ASV0908,ASV2091,Undirected,1364,NA,NA,1.991736,p
ASV0917,ASV1491,Undirected,1370,NA,NA,1.670217,p
ASV0917,ASV1653,Undirected,1371,NA,NA,1.663315,p
ASV0917,ASV2084,Undirected,1372,NA,NA,1.663315,p
ASV0924,ASV1068,Undirected,1381,NA,NA,1.670217,p
ASV0924,ASV1402,Undirected,1382,NA,NA,1.663315,p
ASV0924,ASV1599,Undirected,1383,NA,NA,1.670217,p
ASV0924,ASV1932,Undirected,1384,NA,NA,1.670217,p
ASV0924,ASV1971,Undirected,1385,NA,NA,1.670217,p
ASV0924,ASV2073,Undirected,1386,NA,NA,1.663315,p
ASV0924,ASV2091,Undirected,1387,NA,NA,1.670217,p
ASV0939,ASV1182,Undirected,1397,NA,NA,1.670217,p
ASV0939,ASV1309,Undirected,1398,NA,NA,1.994236,p
ASV0939,ASV1486,Undirected,1399,NA,NA,1.670217,p
ASV0939,ASV1491,Undirected,1400,NA,NA,1.982709,p
ASV0939,ASV1652,Undirected,1401,NA,NA,1.982709,p
ASV0939,ASV1653,Undirected,1402,NA,NA,1.976945,p
ASV0939,ASV1666,Undirected,1403,NA,NA,1.670217,p
ASV0939,ASV1760,Undirected,1404,NA,NA,1.670217,p
ASV0939,ASV1771,Undirected,1405,NA,NA,1.670217,p
ASV0939,ASV2000,Undirected,1406,NA,NA,2,p
ASV0939,ASV2084,Undirected,1407,NA,NA,1.976945,p
ASV0939,ASV2086,Undirected,1408,NA,NA,1.663315,p
ASV0941,ASV0955,Undirected,1419,NA,NA,1.657572,p
ASV0941,ASV1118,Undirected,1420,NA,NA,1.650446,p
ASV0941,ASV1144,Undirected,1421,NA,NA,1.797051,p
ASV0941,ASV1222,Undirected,1422,NA,NA,1.84163,p
ASV0941,ASV1341,Undirected,1423,NA,NA,1.648322,p
ASV0941,ASV1367,Undirected,1424,NA,NA,1.78246,p
ASV0941,ASV1657,Undirected,1425,NA,NA,1.667796,p
ASV0941,ASV2019,Undirected,1426,NA,NA,1.680925,p
ASV0944,ASV1665,Undirected,1427,NA,NA,1.620761,p
ASV0944,ASV1805,Undirected,1428,NA,NA,1.609739,p
ASV0949,ASV0993,Undirected,1436,NA,NA,1.991736,p
ASV0949,ASV1607,Undirected,1437,NA,NA,2,p
ASV0949,ASV1612,Undirected,1438,NA,NA,2,p
ASV0949,ASV1632,Undirected,1439,NA,NA,1.991736,p
ASV0949,ASV1651,Undirected,1440,NA,NA,2,p
ASV0949,ASV1921,Undirected,1441,NA,NA,1.991736,p
ASV0949,ASV1998,Undirected,1442,NA,NA,1.663315,p
ASV0949,ASV2055,Undirected,1443,NA,NA,1.991736,p
ASV0949,ASV2115,Undirected,1444,NA,NA,1.663315,p
ASV0955,ASV1222,Undirected,1451,NA,NA,1.605952,p
ASV0955,ASV1248,Undirected,1452,NA,NA,1.63937,p
ASV0955,ASV1534,Undirected,1453,NA,NA,1.618363,p
ASV0955,ASV2019,Undirected,1454,NA,NA,1.624658,p
ASV0972,ASV1071,Undirected,1464,NA,NA,1.640223,p
ASV0972,ASV1391,Undirected,1465,NA,NA,1.69928,p
ASV0972,ASV1647,Undirected,1466,NA,NA,1.9819,p
ASV0972,ASV1923,Undirected,1467,NA,NA,1.985286,p
ASV0993,ASV1607,Undirected,1476,NA,NA,1.991736,p
ASV0993,ASV1612,Undirected,1477,NA,NA,1.991736,p
ASV0993,ASV1632,Undirected,1478,NA,NA,2,p
ASV0993,ASV1651,Undirected,1479,NA,NA,1.991736,p
ASV0993,ASV1921,Undirected,1480,NA,NA,2,p
ASV0993,ASV1998,Undirected,1481,NA,NA,1.670217,p
ASV0993,ASV2055,Undirected,1482,NA,NA,2,p
ASV0993,ASV2115,Undirected,1483,NA,NA,1.670217,p
ASV1015,ASV1375,Undirected,1487,NA,NA,2,p
ASV1015,ASV1379,Undirected,1488,NA,NA,1.663315,p
ASV1015,ASV1591,Undirected,1489,NA,NA,2,p
ASV1015,ASV1644,Undirected,1490,NA,NA,1.670217,p
ASV1015,ASV1871,Undirected,1491,NA,NA,1.991736,p
ASV1015,ASV1981,Undirected,1492,NA,NA,1.991736,p
ASV1015,ASV2157,Undirected,1493,NA,NA,2,p
ASV1023,ASV1131,Undirected,1509,NA,NA,1.60794,p
ASV1023,ASV1218,Undirected,1510,NA,NA,1.793476,p
ASV1023,ASV1264,Undirected,1511,NA,NA,1.805902,p
ASV1023,ASV1297,Undirected,1512,NA,NA,1.964913,p
ASV1023,ASV1298,Undirected,1513,NA,NA,1.971704,p
ASV1023,ASV1321,Undirected,1514,NA,NA,1.971704,p
ASV1023,ASV1548,Undirected,1515,NA,NA,1.986425,p
ASV1023,ASV1596,Undirected,1516,NA,NA,1.683797,p
ASV1023,ASV1718,Undirected,1517,NA,NA,1.983022,p
ASV1023,ASV1754,Undirected,1518,NA,NA,1.818328,p
ASV1023,ASV1830,Undirected,1519,NA,NA,1.976231,p
ASV1023,ASV1907,Undirected,1520,NA,NA,1.704562,p
ASV1023,ASV1927,Undirected,1521,NA,NA,1.959276,p
ASV1023,ASV1937,Undirected,1522,NA,NA,1.959276,p
ASV1023,ASV1967,Undirected,1523,NA,NA,1.694877,p
ASV1023,ASV2031,Undirected,1524,NA,NA,1.817118,p
ASV1023,ASV2064,Undirected,1525,NA,NA,1.690303,p
ASV1023,ASV2068,Undirected,1526,NA,NA,1.968326,p
ASV1023,ASV2103,Undirected,1527,NA,NA,1.604269,p
ASV1023,ASV2120,Undirected,1528,NA,NA,1.992077,p
ASV1023,ASV2151,Undirected,1529,NA,NA,1.973967,p
ASV1024,ASV1532,Undirected,1530,NA,NA,1.656328,p
ASV1024,ASV2018,Undirected,1531,NA,NA,1.740071,p
ASV1068,ASV1402,Undirected,1540,NA,NA,1.991736,p
ASV1068,ASV1599,Undirected,1541,NA,NA,2,p
ASV1068,ASV1932,Undirected,1542,NA,NA,2,p
ASV1068,ASV1971,Undirected,1543,NA,NA,2,p
ASV1068,ASV2073,Undirected,1544,NA,NA,1.991736,p
ASV1068,ASV2091,Undirected,1545,NA,NA,2,p
ASV1071,ASV1647,Undirected,1551,NA,NA,1.623655,p
ASV1071,ASV1923,Undirected,1552,NA,NA,1.626646,p
ASV1101,ASV1399,Undirected,1554,NA,NA,1.670217,p
ASV1101,ASV1543,Undirected,1555,NA,NA,1.670217,p
ASV1101,ASV1733,Undirected,1556,NA,NA,1.663315,p
ASV1101,ASV2165,Undirected,1557,NA,NA,1.663315,p
ASV1101,ASV2193,Undirected,1558,NA,NA,1.670217,p
ASV1106,ASV1170,Undirected,1563,NA,NA,1.991736,p
ASV1106,ASV1980,Undirected,1564,NA,NA,1.670217,p
ASV1112,ASV1222,Undirected,1569,NA,NA,1.612458,p
ASV1114,ASV2082,Undirected,1571,NA,NA,1.741439,p
ASV1118,ASV1121,Undirected,1580,NA,NA,1.659591,p
ASV1118,ASV1144,Undirected,1581,NA,NA,1.639323,p
ASV1118,ASV1222,Undirected,1582,NA,NA,1.65618,p
ASV1118,ASV1367,Undirected,1583,NA,NA,1.723721,p
ASV1118,ASV1391,Undirected,1584,NA,NA,1.631977,p
ASV1118,ASV1714,Undirected,1585,NA,NA,1.65683,p
ASV1118,ASV2019,Undirected,1586,NA,NA,1.690485,p
ASV1121,ASV1248,Undirected,1595,NA,NA,1.621488,p
ASV1121,ASV1391,Undirected,1596,NA,NA,1.976821,p
ASV1121,ASV1414,Undirected,1597,NA,NA,1.660572,p
ASV1121,ASV1454,Undirected,1598,NA,NA,1.729461,p
ASV1121,ASV1658,Undirected,1599,NA,NA,1.677521,p
ASV1121,ASV1714,Undirected,1600,NA,NA,1.976821,p
ASV1121,ASV1905,Undirected,1601,NA,NA,1.864627,p
ASV1121,ASV2019,Undirected,1602,NA,NA,1.651498,p
ASV1131,ASV1297,Undirected,1613,NA,NA,1.616197,p
ASV1131,ASV1298,Undirected,1614,NA,NA,1.618034,p
ASV1131,ASV1597,Undirected,1615,NA,NA,1.644522,p
ASV1131,ASV1718,Undirected,1616,NA,NA,1.608851,p
ASV1131,ASV1830,Undirected,1617,NA,NA,1.621707,p
ASV1131,ASV1927,Undirected,1618,NA,NA,1.611612,p
ASV1131,ASV2103,Undirected,1619,NA,NA,1.69099,p
ASV1131,ASV2120,Undirected,1620,NA,NA,1.616197,p
ASV1131,ASV2151,Undirected,1621,NA,NA,1.601504,p
ASV1144,ASV1152,Undirected,1630,NA,NA,1.613695,p
ASV1144,ASV1222,Undirected,1631,NA,NA,1.714599,p
ASV1144,ASV1248,Undirected,1632,NA,NA,1.625903,p
ASV1144,ASV1657,Undirected,1633,NA,NA,1.622002,p
ASV1144,ASV1812,Undirected,1634,NA,NA,1.617375,p
ASV1145,ASV1431,Undirected,1640,NA,NA,1.667205,p
ASV1145,ASV1483,Undirected,1641,NA,NA,1.703151,p
ASV1145,ASV1890,Undirected,1642,NA,NA,1.711601,p
ASV1145,ASV2005,Undirected,1643,NA,NA,1.954751,p
ASV1146,ASV1351,Undirected,1650,NA,NA,1.626408,p
ASV1146,ASV1431,Undirected,1651,NA,NA,1.93115,p
ASV1146,ASV1483,Undirected,1652,NA,NA,1.913044,p
ASV1146,ASV1766,Undirected,1653,NA,NA,1.682959,p
ASV1146,ASV1890,Undirected,1654,NA,NA,1.903065,p
ASV1146,ASV2060,Undirected,1655,NA,NA,1.971002,p
ASV1146,ASV2187,Undirected,1656,NA,NA,1.974327,p
ASV1152,ASV1312,Undirected,1662,NA,NA,1.611304,p
ASV1152,ASV1812,Undirected,1663,NA,NA,1.664692,p
ASV1170,ASV1980,Undirected,1669,NA,NA,1.663315,p
ASV1171,ASV1399,Undirected,1671,NA,NA,1.663315,p
ASV1171,ASV1543,Undirected,1672,NA,NA,1.663315,p
ASV1171,ASV1733,Undirected,1673,NA,NA,1.670217,p
ASV1171,ASV2165,Undirected,1674,NA,NA,1.670217,p
ASV1171,ASV2193,Undirected,1675,NA,NA,1.663315,p
ASV1182,ASV1486,Undirected,1682,NA,NA,2,p
ASV1182,ASV1666,Undirected,1683,NA,NA,2,p
ASV1182,ASV1760,Undirected,1684,NA,NA,2,p
ASV1182,ASV1771,Undirected,1685,NA,NA,2,p
ASV1182,ASV2000,Undirected,1686,NA,NA,1.670217,p
ASV1182,ASV2086,Undirected,1687,NA,NA,1.991736,p
ASV1184,ASV1870,Undirected,1688,NA,NA,1.820523,p
ASV1184,ASV2035,Undirected,1689,NA,NA,1.809523,p
ASV1212,ASV1323,Undirected,1691,NA,NA,2,p
ASV1212,ASV1638,Undirected,1692,NA,NA,2,p
ASV1212,ASV1953,Undirected,1693,NA,NA,2,p
ASV1218,ASV1264,Undirected,1709,NA,NA,1.988626,p
ASV1218,ASV1297,Undirected,1710,NA,NA,1.817285,p
ASV1218,ASV1298,Undirected,1711,NA,NA,1.817285,p
ASV1218,ASV1321,Undirected,1712,NA,NA,1.823501,p
ASV1218,ASV1548,Undirected,1713,NA,NA,1.805902,p
ASV1218,ASV1596,Undirected,1714,NA,NA,1.854885,p
ASV1218,ASV1718,Undirected,1715,NA,NA,1.796563,p
ASV1218,ASV1754,Undirected,1716,NA,NA,1.635071,p
ASV1218,ASV1830,Undirected,1717,NA,NA,1.808996,p
ASV1218,ASV1927,Undirected,1718,NA,NA,1.818328,p
ASV1218,ASV1937,Undirected,1719,NA,NA,1.818328,p
ASV1218,ASV1980,Undirected,1720,NA,NA,1.608098,p
ASV1218,ASV2031,Undirected,1721,NA,NA,1.62826,p
ASV1218,ASV2068,Undirected,1722,NA,NA,1.814186,p
ASV1218,ASV2082,Undirected,1723,NA,NA,1.632565,p
ASV1218,ASV2103,Undirected,1724,NA,NA,1.718023,p
ASV1218,ASV2120,Undirected,1725,NA,NA,1.804852,p
ASV1218,ASV2151,Undirected,1726,NA,NA,1.825573,p
ASV1222,ASV1341,Undirected,1739,NA,NA,1.630478,p
ASV1222,ASV1367,Undirected,1740,NA,NA,1.764301,p
ASV1222,ASV2019,Undirected,1741,NA,NA,1.635728,p
ASV1231,ASV1379,Undirected,1743,NA,NA,1.766974,p
ASV1231,ASV1644,Undirected,1744,NA,NA,1.772081,p
ASV1248,ASV1391,Undirected,1755,NA,NA,1.62426,p
ASV1248,ASV1658,Undirected,1756,NA,NA,1.632366,p
ASV1248,ASV1714,Undirected,1757,NA,NA,1.621488,p
ASV1264,ASV1297,Undirected,1774,NA,NA,1.798635,p
ASV1264,ASV1298,Undirected,1775,NA,NA,1.796563,p
ASV1264,ASV1321,Undirected,1776,NA,NA,1.829718,p
ASV1264,ASV1548,Undirected,1777,NA,NA,1.826612,p
ASV1264,ASV1596,Undirected,1778,NA,NA,1.865515,p
ASV1264,ASV1718,Undirected,1779,NA,NA,1.806924,p
ASV1264,ASV1754,Undirected,1780,NA,NA,1.654028,p
ASV1264,ASV1830,Undirected,1781,NA,NA,1.792419,p
ASV1264,ASV1927,Undirected,1782,NA,NA,1.80176,p
ASV1264,ASV1937,Undirected,1783,NA,NA,1.818328,p
ASV1264,ASV2031,Undirected,1784,NA,NA,1.62257,p
ASV1264,ASV2068,Undirected,1785,NA,NA,1.826612,p
ASV1264,ASV2082,Undirected,1786,NA,NA,1.656079,p
ASV1264,ASV2103,Undirected,1787,NA,NA,1.714663,p
ASV1264,ASV2120,Undirected,1788,NA,NA,1.798635,p
ASV1264,ASV2151,Undirected,1789,NA,NA,1.815213,p
ASV1276,ASV1297,Undirected,1797,NA,NA,1.616197,p
ASV1276,ASV1298,Undirected,1798,NA,NA,1.607014,p
ASV1276,ASV1522,Undirected,1799,NA,NA,1.84343,p
ASV1276,ASV1718,Undirected,1800,NA,NA,1.616197,p
ASV1276,ASV1754,Undirected,1801,NA,NA,1.685259,p
ASV1276,ASV1765,Undirected,1802,NA,NA,1.645702,p
ASV1276,ASV1830,Undirected,1803,NA,NA,1.610687,p
ASV1276,ASV1927,Undirected,1804,NA,NA,1.618954,p
ASV1276,ASV1937,Undirected,1805,NA,NA,1.618954,p
ASV1276,ASV1967,Undirected,1806,NA,NA,1.876388,p
ASV1276,ASV2064,Undirected,1807,NA,NA,1.885036,p
ASV1276,ASV2068,Undirected,1808,NA,NA,1.611612,p
ASV1297,ASV1298,Undirected,1828,NA,NA,1.996603,p
ASV1297,ASV1321,Undirected,1829,NA,NA,1.969422,p
ASV1297,ASV1548,Undirected,1830,NA,NA,1.958121,p
ASV1297,ASV1596,Undirected,1831,NA,NA,1.686686,p
ASV1297,ASV1718,Undirected,1832,NA,NA,1.979615,p
ASV1297,ASV1754,Undirected,1833,NA,NA,1.792419,p
ASV1297,ASV1830,Undirected,1834,NA,NA,1.996603,p
ASV1297,ASV1907,Undirected,1835,NA,NA,1.688084,p
ASV1297,ASV1927,Undirected,1836,NA,NA,1.998868,p
ASV1297,ASV1937,Undirected,1837,NA,NA,1.985286,p
ASV1297,ASV1967,Undirected,1838,NA,NA,1.70262,p
ASV1297,ASV1980,Undirected,1839,NA,NA,1.762865,p
ASV1297,ASV2031,Undirected,1840,NA,NA,1.821256,p
ASV1297,ASV2064,Undirected,1841,NA,NA,1.707726,p
ASV1297,ASV2068,Undirected,1842,NA,NA,1.971704,p
ASV1297,ASV2120,Undirected,1843,NA,NA,1.979615,p
ASV1297,ASV2151,Undirected,1844,NA,NA,1.979615,p
ASV1298,ASV1321,Undirected,1865,NA,NA,1.969422,p
ASV1298,ASV1548,Undirected,1866,NA,NA,1.958121,p
ASV1298,ASV1596,Undirected,1867,NA,NA,1.67894,p
ASV1298,ASV1718,Undirected,1868,NA,NA,1.971687,p
ASV1298,ASV1754,Undirected,1869,NA,NA,1.792419,p
ASV1298,ASV1830,Undirected,1870,NA,NA,1.997735,p
ASV1298,ASV1907,Undirected,1871,NA,NA,1.685177,p
ASV1298,ASV1927,Undirected,1872,NA,NA,1.992077,p
ASV1298,ASV1937,Undirected,1873,NA,NA,1.973967,p
ASV1298,ASV1967,Undirected,1874,NA,NA,1.709403,p
ASV1298,ASV1980,Undirected,1875,NA,NA,1.770529,p
ASV1298,ASV2031,Undirected,1876,NA,NA,1.821256,p
ASV1298,ASV2064,Undirected,1877,NA,NA,1.708695,p
ASV1298,ASV2068,Undirected,1878,NA,NA,1.962649,p
ASV1298,ASV2103,Undirected,1879,NA,NA,1.607014,p
ASV1298,ASV2120,Undirected,1880,NA,NA,1.989807,p
ASV1298,ASV2151,Undirected,1881,NA,NA,1.987543,p
ASV1304,ASV1327,Undirected,1886,NA,NA,1.991736,p
ASV1304,ASV1557,Undirected,1887,NA,NA,1.991736,p
ASV1304,ASV1803,Undirected,1888,NA,NA,1.991736,p
ASV1309,ASV1491,Undirected,1898,NA,NA,1.976945,p
ASV1309,ASV1652,Undirected,1899,NA,NA,1.994236,p
ASV1309,ASV1653,Undirected,1900,NA,NA,1.982709,p
ASV1309,ASV2000,Undirected,1901,NA,NA,1.994236,p
ASV1309,ASV2084,Undirected,1902,NA,NA,1.982709,p
ASV1321,ASV1548,Undirected,1924,NA,NA,1.992077,p
ASV1321,ASV1596,Undirected,1925,NA,NA,1.704115,p
ASV1321,ASV1718,Undirected,1926,NA,NA,1.969422,p
ASV1321,ASV1754,Undirected,1927,NA,NA,1.823501,p
ASV1321,ASV1830,Undirected,1928,NA,NA,1.962627,p
ASV1321,ASV1907,Undirected,1929,NA,NA,1.685177,p
ASV1321,ASV1927,Undirected,1930,NA,NA,1.971704,p
ASV1321,ASV1937,Undirected,1931,NA,NA,1.985286,p
ASV1321,ASV1967,Undirected,1932,NA,NA,1.685177,p
ASV1321,ASV1980,Undirected,1933,NA,NA,1.667057,p
ASV1321,ASV2031,Undirected,1934,NA,NA,1.793269,p
ASV1321,ASV2064,Undirected,1935,NA,NA,1.678667,p
ASV1321,ASV2068,Undirected,1936,NA,NA,1.992077,p
ASV1321,ASV2103,Undirected,1937,NA,NA,1.616197,p
ASV1321,ASV2120,Undirected,1938,NA,NA,1.969422,p
ASV1321,ASV2151,Undirected,1939,NA,NA,1.989807,p
ASV1323,ASV1638,Undirected,1942,NA,NA,2,p
ASV1323,ASV1953,Undirected,1943,NA,NA,2,p
ASV1327,ASV1557,Undirected,1949,NA,NA,2,p
ASV1327,ASV1803,Undirected,1950,NA,NA,2,p
ASV1331,ASV1614,Undirected,1951,NA,NA,2,p
ASV1331,ASV1689,Undirected,1952,NA,NA,2,p
ASV1331,ASV1862,Undirected,1953,NA,NA,2,p
ASV1341,ASV2159,Undirected,1958,NA,NA,1.726356,p
ASV1351,ASV2060,Undirected,1961,NA,NA,1.682558,p
ASV1367,ASV2019,Undirected,1967,NA,NA,1.764426,p
ASV1375,ASV1379,Undirected,1972,NA,NA,1.663315,p
ASV1375,ASV1591,Undirected,1973,NA,NA,2,p
ASV1375,ASV1644,Undirected,1974,NA,NA,1.670217,p
ASV1375,ASV1871,Undirected,1975,NA,NA,1.991736,p
ASV1375,ASV1981,Undirected,1976,NA,NA,1.991736,p
ASV1375,ASV2157,Undirected,1977,NA,NA,2,p
ASV1379,ASV1591,Undirected,1987,NA,NA,1.663315,p
ASV1379,ASV1644,Undirected,1988,NA,NA,1.994236,p
ASV1379,ASV1871,Undirected,1989,NA,NA,1.670217,p
ASV1379,ASV1981,Undirected,1990,NA,NA,1.670217,p
ASV1379,ASV2157,Undirected,1991,NA,NA,1.663315,p
ASV1391,ASV1454,Undirected,2009,NA,NA,1.743019,p
ASV1391,ASV1647,Undirected,2010,NA,NA,1.676055,p
ASV1391,ASV1658,Undirected,2011,NA,NA,1.658623,p
ASV1391,ASV1714,Undirected,2012,NA,NA,1.930464,p
ASV1391,ASV1905,Undirected,2013,NA,NA,1.770687,p
ASV1391,ASV1923,Undirected,2014,NA,NA,1.698305,p
ASV1391,ASV2019,Undirected,2015,NA,NA,1.67408,p
ASV1399,ASV1543,Undirected,2020,NA,NA,2,p
ASV1399,ASV1733,Undirected,2021,NA,NA,1.991736,p
ASV1399,ASV2165,Undirected,2022,NA,NA,1.991736,p
ASV1399,ASV2193,Undirected,2023,NA,NA,2,p
ASV1402,ASV1599,Undirected,2033,NA,NA,1.991736,p
ASV1402,ASV1932,Undirected,2034,NA,NA,1.991736,p
ASV1402,ASV1971,Undirected,2035,NA,NA,1.991736,p
ASV1402,ASV2073,Undirected,2036,NA,NA,2,p
ASV1402,ASV2091,Undirected,2037,NA,NA,1.991736,p
ASV1414,ASV1532,Undirected,2040,NA,NA,1.68643,p
ASV1414,ASV1714,Undirected,2041,NA,NA,1.687667,p
ASV1414,ASV1905,Undirected,2042,NA,NA,1.804686,p
ASV1415,ASV1466,Undirected,2043,NA,NA,2,p
ASV1431,ASV1483,Undirected,2052,NA,NA,1.993369,p
ASV1431,ASV1766,Undirected,2053,NA,NA,1.74326,p
ASV1431,ASV1890,Undirected,2054,NA,NA,1.990877,p
ASV1431,ASV2005,Undirected,2055,NA,NA,1.63231,p
ASV1431,ASV2060,Undirected,2056,NA,NA,1.89631,p
ASV1431,ASV2187,Undirected,2057,NA,NA,1.930351,p
ASV1454,ASV1714,Undirected,2065,NA,NA,1.700837,p
ASV1483,ASV1766,Undirected,2076,NA,NA,1.751993,p
ASV1483,ASV1890,Undirected,2077,NA,NA,1.992547,p
ASV1483,ASV2005,Undirected,2078,NA,NA,1.679926,p
ASV1483,ASV2060,Undirected,2079,NA,NA,1.894824,p
ASV1483,ASV2187,Undirected,2080,NA,NA,1.913907,p
ASV1486,ASV1666,Undirected,2088,NA,NA,2,p
ASV1486,ASV1760,Undirected,2089,NA,NA,2,p
ASV1486,ASV1771,Undirected,2090,NA,NA,2,p
ASV1486,ASV2000,Undirected,2091,NA,NA,1.670217,p
ASV1486,ASV2086,Undirected,2092,NA,NA,1.991736,p
ASV1491,ASV1652,Undirected,2105,NA,NA,1.982709,p
ASV1491,ASV1653,Undirected,2106,NA,NA,1.994236,p
ASV1491,ASV2000,Undirected,2107,NA,NA,1.982709,p
ASV1491,ASV2084,Undirected,2108,NA,NA,1.994236,p
ASV1493,ASV2031,Undirected,2109,NA,NA,1.650071,p
ASV1522,ASV1765,Undirected,2112,NA,NA,1.786237,p
ASV1522,ASV1967,Undirected,2113,NA,NA,1.913837,p
ASV1522,ASV2064,Undirected,2114,NA,NA,1.926294,p
ASV1532,ASV2018,Undirected,2117,NA,NA,1.639005,p
ASV1532,ASV2118,Undirected,2118,NA,NA,1.782444,p
ASV1534,ASV1917,Undirected,2122,NA,NA,1.828076,p
ASV1543,ASV1733,Undirected,2128,NA,NA,1.991736,p
ASV1543,ASV2165,Undirected,2129,NA,NA,1.991736,p
ASV1543,ASV2193,Undirected,2130,NA,NA,2,p
ASV1548,ASV1596,Undirected,2151,NA,NA,1.703151,p
ASV1548,ASV1718,Undirected,2152,NA,NA,1.980759,p
ASV1548,ASV1754,Undirected,2153,NA,NA,1.830754,p
ASV1548,ASV1830,Undirected,2154,NA,NA,1.958121,p
ASV1548,ASV1907,Undirected,2155,NA,NA,1.698751,p
ASV1548,ASV1927,Undirected,2156,NA,NA,1.959276,p
ASV1548,ASV1937,Undirected,2157,NA,NA,1.977376,p
ASV1548,ASV1967,Undirected,2158,NA,NA,1.679381,p
ASV1548,ASV2031,Undirected,2159,NA,NA,1.79847,p
ASV1548,ASV2064,Undirected,2160,NA,NA,1.674813,p
ASV1548,ASV2068,Undirected,2161,NA,NA,1.99095,p
ASV1548,ASV2103,Undirected,2162,NA,NA,1.60794,p
ASV1548,ASV2120,Undirected,2163,NA,NA,1.971704,p
ASV1548,ASV2151,Undirected,2164,NA,NA,1.976231,p
ASV1557,ASV1803,Undirected,2171,NA,NA,2,p
ASV1562,ASV1870,Undirected,2172,NA,NA,1.649642,p
ASV1562,ASV2035,Undirected,2173,NA,NA,1.620599,p
ASV1586,ASV2082,Undirected,2174,NA,NA,1.638601,p
ASV1591,ASV1644,Undirected,2181,NA,NA,1.670217,p
ASV1591,ASV1871,Undirected,2182,NA,NA,1.991736,p
ASV1591,ASV1981,Undirected,2183,NA,NA,1.991736,p
ASV1591,ASV2157,Undirected,2184,NA,NA,2,p
ASV1596,ASV1718,Undirected,2205,NA,NA,1.698305,p
ASV1596,ASV1830,Undirected,2206,NA,NA,1.67894,p
ASV1596,ASV1861,Undirected,2207,NA,NA,1.777481,p
ASV1596,ASV1907,Undirected,2208,NA,NA,1.670257,p
ASV1596,ASV1927,Undirected,2209,NA,NA,1.691538,p
ASV1596,ASV1937,Undirected,2210,NA,NA,1.707021,p
ASV1596,ASV2068,Undirected,2211,NA,NA,1.710892,p
ASV1596,ASV2082,Undirected,2212,NA,NA,1.864719,p
ASV1596,ASV2103,Undirected,2213,NA,NA,1.859132,p
ASV1596,ASV2120,Undirected,2214,NA,NA,1.675067,p
ASV1596,ASV2151,Undirected,2215,NA,NA,1.686686,p
ASV1597,ASV1907,Undirected,2219,NA,NA,1.718079,p
ASV1597,ASV2031,Undirected,2220,NA,NA,1.654739,p
ASV1599,ASV1932,Undirected,2231,NA,NA,2,p
ASV1599,ASV1971,Undirected,2232,NA,NA,2,p
ASV1599,ASV2073,Undirected,2233,NA,NA,1.991736,p
ASV1599,ASV2091,Undirected,2234,NA,NA,2,p
ASV1606,ASV1813,Undirected,2236,NA,NA,1.746258,p
ASV1607,ASV1612,Undirected,2246,NA,NA,2,p
ASV1607,ASV1632,Undirected,2247,NA,NA,1.991736,p
ASV1607,ASV1651,Undirected,2248,NA,NA,2,p
ASV1607,ASV1921,Undirected,2249,NA,NA,1.991736,p
ASV1607,ASV1998,Undirected,2250,NA,NA,1.663315,p
ASV1607,ASV2055,Undirected,2251,NA,NA,1.991736,p
ASV1607,ASV2115,Undirected,2252,NA,NA,1.663315,p
ASV1612,ASV1632,Undirected,2263,NA,NA,1.991736,p
ASV1612,ASV1651,Undirected,2264,NA,NA,2,p
ASV1612,ASV1921,Undirected,2265,NA,NA,1.991736,p
ASV1612,ASV1998,Undirected,2266,NA,NA,1.663315,p
ASV1612,ASV2055,Undirected,2267,NA,NA,1.991736,p
ASV1612,ASV2115,Undirected,2268,NA,NA,1.663315,p
ASV1614,ASV1689,Undirected,2270,NA,NA,2,p
ASV1614,ASV1862,Undirected,2271,NA,NA,2,p
ASV1632,ASV1651,Undirected,2283,NA,NA,1.991736,p
ASV1632,ASV1921,Undirected,2284,NA,NA,2,p
ASV1632,ASV1998,Undirected,2285,NA,NA,1.670217,p
ASV1632,ASV2055,Undirected,2286,NA,NA,2,p
ASV1632,ASV2115,Undirected,2287,NA,NA,1.670217,p
ASV1638,ASV1953,Undirected,2291,NA,NA,2,p
ASV1643,ASV1669,Undirected,2292,NA,NA,1.663315,p
ASV1644,ASV1871,Undirected,2304,NA,NA,1.663315,p
ASV1644,ASV1981,Undirected,2305,NA,NA,1.663315,p
ASV1644,ASV2157,Undirected,2306,NA,NA,1.670217,p
ASV1647,ASV1923,Undirected,2319,NA,NA,1.971704,p
ASV1651,ASV1921,Undirected,2332,NA,NA,1.991736,p
ASV1651,ASV1998,Undirected,2333,NA,NA,1.663315,p
ASV1651,ASV2055,Undirected,2334,NA,NA,1.991736,p
ASV1651,ASV2115,Undirected,2335,NA,NA,1.663315,p
ASV1652,ASV1653,Undirected,2347,NA,NA,1.994236,p
ASV1652,ASV2000,Undirected,2348,NA,NA,1.982709,p
ASV1652,ASV2084,Undirected,2349,NA,NA,1.994236,p
ASV1653,ASV2000,Undirected,2364,NA,NA,1.976945,p
ASV1653,ASV2084,Undirected,2365,NA,NA,2,p
ASV1658,ASV1714,Undirected,2378,NA,NA,1.718223,p
ASV1658,ASV2019,Undirected,2379,NA,NA,1.6906,p
ASV1665,ASV1805,Undirected,2381,NA,NA,1.99547,p
ASV1666,ASV1760,Undirected,2390,NA,NA,2,p
ASV1666,ASV1771,Undirected,2391,NA,NA,2,p
ASV1666,ASV2000,Undirected,2392,NA,NA,1.670217,p
ASV1666,ASV2086,Undirected,2393,NA,NA,1.991736,p
ASV1689,ASV1862,Undirected,2397,NA,NA,2,p
ASV1714,ASV1905,Undirected,2411,NA,NA,1.822088,p
ASV1714,ASV2019,Undirected,2412,NA,NA,1.671069,p
ASV1718,ASV1754,Undirected,2438,NA,NA,1.813141,p
ASV1718,ASV1830,Undirected,2439,NA,NA,1.980747,p
ASV1718,ASV1907,Undirected,2440,NA,NA,1.709403,p
ASV1718,ASV1927,Undirected,2441,NA,NA,1.980759,p
ASV1718,ASV1937,Undirected,2442,NA,NA,1.985286,p
ASV1718,ASV1967,Undirected,2443,NA,NA,1.685177,p
ASV1718,ASV1980,Undirected,2444,NA,NA,1.61085,p
ASV1718,ASV2031,Undirected,2445,NA,NA,1.821256,p
ASV1718,ASV2064,Undirected,2446,NA,NA,1.694165,p
ASV1718,ASV2068,Undirected,2447,NA,NA,1.985286,p
ASV1718,ASV2120,Undirected,2448,NA,NA,1.97282,p
ASV1718,ASV2151,Undirected,2449,NA,NA,1.95923,p
ASV1733,ASV2165,Undirected,2456,NA,NA,2,p
ASV1733,ASV2193,Undirected,2457,NA,NA,1.991736,p
ASV1754,ASV1830,Undirected,2484,NA,NA,1.792419,p
ASV1754,ASV1927,Undirected,2485,NA,NA,1.793476,p
ASV1754,ASV1937,Undirected,2486,NA,NA,1.810044,p
ASV1754,ASV2031,Undirected,2487,NA,NA,1.62826,p
ASV1754,ASV2068,Undirected,2488,NA,NA,1.82247,p
ASV1754,ASV2120,Undirected,2489,NA,NA,1.804852,p
ASV1754,ASV2151,Undirected,2490,NA,NA,1.808996,p
ASV1760,ASV1771,Undirected,2500,NA,NA,2,p
ASV1760,ASV2000,Undirected,2501,NA,NA,1.670217,p
ASV1760,ASV2086,Undirected,2502,NA,NA,1.991736,p
ASV1765,ASV1967,Undirected,2505,NA,NA,1.778292,p
ASV1765,ASV2064,Undirected,2506,NA,NA,1.769704,p
ASV1766,ASV1890,Undirected,2515,NA,NA,1.739639,p
ASV1766,ASV2060,Undirected,2516,NA,NA,1.666972,p
ASV1766,ASV2187,Undirected,2517,NA,NA,1.67064,p
ASV1771,ASV2000,Undirected,2528,NA,NA,1.670217,p
ASV1771,ASV2086,Undirected,2529,NA,NA,1.991736,p
ASV1830,ASV1907,Undirected,2567,NA,NA,1.69293,p
ASV1830,ASV1927,Undirected,2568,NA,NA,1.992077,p
ASV1830,ASV1937,Undirected,2569,NA,NA,1.973967,p
ASV1830,ASV1967,Undirected,2570,NA,NA,1.707465,p
ASV1830,ASV1980,Undirected,2571,NA,NA,1.741148,p
ASV1830,ASV2031,Undirected,2572,NA,NA,1.827476,p
ASV1830,ASV2064,Undirected,2573,NA,NA,1.710632,p
ASV1830,ASV2068,Undirected,2574,NA,NA,1.962649,p
ASV1830,ASV2120,Undirected,2575,NA,NA,1.989807,p
ASV1830,ASV2151,Undirected,2576,NA,NA,1.978482,p
ASV1861,ASV1907,Undirected,2580,NA,NA,1.647733,p
ASV1861,ASV2082,Undirected,2581,NA,NA,1.723856,p
ASV1861,ASV2103,Undirected,2582,NA,NA,1.674609,p
ASV1870,ASV2035,Undirected,2590,NA,NA,1.968517,p
ASV1871,ASV1981,Undirected,2599,NA,NA,2,p
ASV1871,ASV2157,Undirected,2600,NA,NA,1.991736,p
ASV1890,ASV2005,Undirected,2612,NA,NA,1.672877,p
ASV1890,ASV2060,Undirected,2613,NA,NA,1.893952,p
ASV1890,ASV2187,Undirected,2614,NA,NA,1.919669,p
ASV1907,ASV1927,Undirected,2643,NA,NA,1.687129,p
ASV1907,ASV1937,Undirected,2644,NA,NA,1.691003,p
ASV1907,ASV2068,Undirected,2645,NA,NA,1.694877,p
ASV1907,ASV2120,Undirected,2646,NA,NA,1.693899,p
ASV1907,ASV2151,Undirected,2647,NA,NA,1.678394,p
ASV1921,ASV1998,Undirected,2663,NA,NA,1.670217,p
ASV1921,ASV2055,Undirected,2664,NA,NA,2,p
ASV1921,ASV2115,Undirected,2665,NA,NA,1.670217,p
ASV1927,ASV1937,Undirected,2705,NA,NA,1.99095,p
ASV1927,ASV1967,Undirected,2706,NA,NA,1.696814,p
ASV1927,ASV1980,Undirected,2707,NA,NA,1.75676,p
ASV1927,ASV2031,Undirected,2708,NA,NA,1.817118,p
ASV1927,ASV2064,Undirected,2709,NA,NA,1.703856,p
ASV1927,ASV2068,Undirected,2710,NA,NA,1.977376,p
ASV1927,ASV2120,Undirected,2711,NA,NA,1.971704,p
ASV1927,ASV2151,Undirected,2712,NA,NA,1.976231,p
ASV1932,ASV1971,Undirected,2724,NA,NA,2,p
ASV1932,ASV2073,Undirected,2725,NA,NA,1.991736,p
ASV1932,ASV2091,Undirected,2726,NA,NA,2,p
ASV1937,ASV1967,Undirected,2756,NA,NA,1.681318,p
ASV1937,ASV1980,Undirected,2757,NA,NA,1.687818,p
ASV1937,ASV2031,Undirected,2758,NA,NA,1.804686,p
ASV1937,ASV2064,Undirected,2759,NA,NA,1.688366,p
ASV1937,ASV2068,Undirected,2760,NA,NA,1.995475,p
ASV1937,ASV2120,Undirected,2761,NA,NA,1.958121,p
ASV1937,ASV2151,Undirected,2762,NA,NA,1.971704,p
ASV1967,ASV2064,Undirected,2791,NA,NA,1.995856,p
ASV1967,ASV2068,Undirected,2792,NA,NA,1.675507,p
ASV1967,ASV2120,Undirected,2793,NA,NA,1.708434,p
ASV1967,ASV2151,Undirected,2794,NA,NA,1.70262,p
ASV1971,ASV2073,Undirected,2807,NA,NA,1.991736,p
ASV1971,ASV2091,Undirected,2808,NA,NA,2,p
ASV1980,ASV2068,Undirected,2834,NA,NA,1.629089,p
ASV1980,ASV2120,Undirected,2835,NA,NA,1.690051,p
ASV1980,ASV2151,Undirected,2836,NA,NA,1.738593,p
ASV1981,ASV2157,Undirected,2846,NA,NA,1.991736,p
ASV1998,ASV2055,Undirected,2860,NA,NA,1.670217,p
ASV2000,ASV2084,Undirected,2880,NA,NA,1.976945,p
ASV2000,ASV2086,Undirected,2881,NA,NA,1.663315,p
ASV2031,ASV2068,Undirected,2934,NA,NA,1.79847,p
ASV2031,ASV2120,Undirected,2935,NA,NA,1.821256,p
ASV2031,ASV2151,Undirected,2936,NA,NA,1.802598,p
ASV2055,ASV2115,Undirected,2957,NA,NA,1.670217,p
ASV2060,ASV2187,Undirected,2970,NA,NA,1.974327,p
ASV2064,ASV2068,Undirected,2995,NA,NA,1.678685,p
ASV2064,ASV2120,Undirected,2996,NA,NA,1.701915,p
ASV2064,ASV2151,Undirected,2997,NA,NA,1.692228,p
ASV2068,ASV2103,Undirected,3032,NA,NA,1.600598,p
ASV2068,ASV2120,Undirected,3033,NA,NA,1.958121,p
ASV2068,ASV2151,Undirected,3034,NA,NA,1.971704,p
ASV2073,ASV2091,Undirected,3048,NA,NA,1.991736,p
ASV2082,ASV2103,Undirected,3058,NA,NA,1.723856,p
ASV2099,ASV2156,Undirected,3102,NA,NA,1.991736,p
ASV2103,ASV2120,Undirected,3123,NA,NA,1.610687,p
ASV2103,ASV2151,Undirected,3124,NA,NA,1.621707,p
ASV2120,ASV2151,Undirected,3174,NA,NA,1.98641,p
ASV2165,ASV2193,Undirected,3234,NA,NA,1.991736,p
