Id,Label,timeset
ASV0010,ASV0010,
ASV0527,ASV0527,
ASV1379,ASV1379,
ASV1644,ASV1644,
ASV0018,ASV0018,
ASV0274,ASV0274,
ASV0610,ASV0610,
ASV0849,ASV0849,
ASV0941,ASV0941,
ASV0955,ASV0955,
ASV1112,ASV1112,
ASV1144,ASV1144,
ASV1222,ASV1222,
ASV0026,ASV0026,
ASV0287,ASV0287,
ASV0358,ASV0358,
ASV0397,ASV0397,
ASV0621,ASV0621,
ASV0794,ASV0794,
ASV0908,ASV0908,
ASV0924,ASV0924,
ASV1068,ASV1068,
ASV1402,ASV1402,
ASV1599,ASV1599,
ASV1932,ASV1932,
ASV1971,ASV1971,
ASV2073,ASV2073,
ASV2091,ASV2091,
ASV0030,ASV0030,
ASV0325,ASV0325,
ASV0497,ASV0497,
ASV1657,ASV1657,
ASV0037,ASV0037,
ASV0142,ASV0142,
ASV1432,ASV1432,
ASV0046,ASV0046,
ASV0245,ASV0245,
ASV0492,ASV0492,
ASV0508,ASV0508,
ASV0600,ASV0600,
ASV0761,ASV0761,
ASV0768,ASV0768,
ASV0949,ASV0949,
ASV0993,ASV0993,
ASV1607,ASV1607,
ASV1612,ASV1612,
ASV1632,ASV1632,
ASV1651,ASV1651,
ASV1921,ASV1921,
ASV1998,ASV1998,
ASV2055,ASV2055,
ASV2115,ASV2115,
ASV0047,ASV0047,
ASV0309,ASV0309,
ASV1131,ASV1131,
ASV0077,ASV0077,
ASV0298,ASV0298,
ASV0521,ASV0521,
ASV0834,ASV0834,
ASV1304,ASV1304,
ASV1327,ASV1327,
ASV1557,ASV1557,
ASV1803,ASV1803,
ASV0082,ASV0082,
ASV0117,ASV0117,
ASV0202,ASV0202,
ASV0204,ASV0204,
ASV0486,ASV0486,
ASV0917,ASV0917,
ASV1491,ASV1491,
ASV1653,ASV1653,
ASV2084,ASV2084,
ASV0095,ASV0095,
ASV0255,ASV0255,
ASV0389,ASV0389,
ASV0833,ASV0833,
ASV0872,ASV0872,
ASV1145,ASV1145,
ASV1431,ASV1431,
ASV1483,ASV1483,
ASV1890,ASV1890,
ASV2005,ASV2005,
ASV0104,ASV0104,
ASV0242,ASV0242,
ASV0257,ASV0257,
ASV0317,ASV0317,
ASV0654,ASV0654,
ASV0667,ASV0667,
ASV0939,ASV0939,
ASV1182,ASV1182,
ASV1309,ASV1309,
ASV1486,ASV1486,
ASV1652,ASV1652,
ASV1666,ASV1666,
ASV1760,ASV1760,
ASV1771,ASV1771,
ASV2000,ASV2000,
ASV2086,ASV2086,
ASV0112,ASV0112,
ASV2099,ASV2099,
ASV2156,ASV2156,
ASV0121,ASV0121,
ASV0714,ASV0714,
ASV0123,ASV0123,
ASV0799,ASV0799,
ASV1399,ASV1399,
ASV1543,ASV1543,
ASV1733,ASV1733,
ASV2165,ASV2165,
ASV2193,ASV2193,
ASV0132,ASV0132,
ASV1341,ASV1341,
ASV2159,ASV2159,
ASV0151,ASV0151,
ASV0201,ASV0201,
ASV0360,ASV0360,
ASV0413,ASV0413,
ASV0415,ASV0415,
ASV0490,ASV0490,
ASV0491,ASV0491,
ASV0523,ASV0523,
ASV0777,ASV0777,
ASV0804,ASV0804,
ASV0829,ASV0829,
ASV0857,ASV0857,
ASV0873,ASV0873,
ASV1023,ASV1023,
ASV1218,ASV1218,
ASV1264,ASV1264,
ASV1276,ASV1276,
ASV1297,ASV1297,
ASV1298,ASV1298,
ASV1321,ASV1321,
ASV1548,ASV1548,
ASV1596,ASV1596,
ASV1718,ASV1718,
ASV1754,ASV1754,
ASV1830,ASV1830,
ASV1907,ASV1907,
ASV1927,ASV1927,
ASV1937,ASV1937,
ASV1967,ASV1967,
ASV1980,ASV1980,
ASV2031,ASV2031,
ASV2064,ASV2064,
ASV2068,ASV2068,
ASV2120,ASV2120,
ASV2151,ASV2151,
ASV0155,ASV0155,
ASV0442,ASV0442,
ASV1861,ASV1861,
ASV2082,ASV2082,
ASV0173,ASV0173,
ASV1942,ASV1942,
ASV0179,ASV0179,
ASV0535,ASV0535,
ASV0668,ASV0668,
ASV0187,ASV0187,
ASV1149,ASV1149,
ASV2103,ASV2103,
ASV1146,ASV1146,
ASV2060,ASV2060,
ASV2187,ASV2187,
ASV0264,ASV0264,
ASV2138,ASV2138,
ASV0530,ASV0530,
ASV0776,ASV0776,
ASV1016,ASV1016,
ASV1118,ASV1118,
ASV1248,ASV1248,
ASV1367,ASV1367,
ASV1746,ASV1746,
ASV2019,ASV2019,
ASV0615,ASV0615,
ASV0296,ASV0296,
ASV1597,ASV1597,
ASV1975,ASV1975,
ASV0310,ASV0310,
ASV0550,ASV0550,
ASV0638,ASV0638,
ASV1015,ASV1015,
ASV1375,ASV1375,
ASV1591,ASV1591,
ASV1871,ASV1871,
ASV1981,ASV1981,
ASV2157,ASV2157,
ASV0575,ASV0575,
ASV0604,ASV0604,
ASV0884,ASV0884,
ASV1121,ASV1121,
ASV1391,ASV1391,
ASV0330,ASV0330,
ASV0555,ASV0555,
ASV0558,ASV0558,
ASV0807,ASV0807,
ASV0812,ASV0812,
ASV0972,ASV0972,
ASV1071,ASV1071,
ASV1647,ASV1647,
ASV1923,ASV1923,
ASV0347,ASV0347,
ASV1019,ASV1019,
ASV0353,ASV0353,
ASV0355,ASV0355,
ASV0517,ASV0517,
ASV1106,ASV1106,
ASV1170,ASV1170,
ASV0369,ASV0369,
ASV1351,ASV1351,
ASV0377,ASV0377,
ASV0832,ASV0832,
ASV1766,ASV1766,
ASV0410,ASV0410,
ASV0420,ASV0420,
ASV0452,ASV0452,
ASV0473,ASV0473,
ASV1522,ASV1522,
ASV0493,ASV0493,
ASV0669,ASV0669,
ASV1870,ASV1870,
ASV2035,ASV2035,
ASV0503,ASV0503,
ASV1231,ASV1231,
ASV0552,ASV0552,
ASV1534,ASV1534,
ASV1714,ASV1714,
ASV0547,ASV0547,
ASV1212,ASV1212,
ASV1323,ASV1323,
ASV1638,ASV1638,
ASV1953,ASV1953,
ASV1454,ASV1454,
ASV1658,ASV1658,
ASV1905,ASV1905,
ASV0606,ASV0606,
ASV0614,ASV0614,
ASV1604,ASV1604,
ASV0717,ASV0717,
ASV1152,ASV1152,
ASV1101,ASV1101,
ASV1171,ASV1171,
ASV1114,ASV1114,
ASV0815,ASV0815,
ASV1917,ASV1917,
ASV1414,ASV1414,
ASV0944,ASV0944,
ASV1665,ASV1665,
ASV1805,ASV1805,
ASV1024,ASV1024,
ASV1532,ASV1532,
ASV2018,ASV2018,
ASV1812,ASV1812,
ASV1312,ASV1312,
ASV1184,ASV1184,
ASV1765,ASV1765,
ASV1331,ASV1331,
ASV1614,ASV1614,
ASV1689,ASV1689,
ASV1862,ASV1862,
ASV1415,ASV1415,
ASV1466,ASV1466,
ASV1493,ASV1493,
ASV2118,ASV2118,
ASV1562,ASV1562,
ASV1586,ASV1586,
ASV1606,ASV1606,
ASV1813,ASV1813,
ASV1643,ASV1643,
ASV1669,ASV1669,
